"","Kingdom","Phylum","Class","Order","Family","Genus","Species"
"ASVf6134ec05628","Bacteria","Pseudomonadota","Gammaproteobacteria","Enterobacterales","Enterobacteriaceae","Klebsiella","pneumoniae"
"ASV215ec54a3f82","Bacteria","Pseudomonadota","Gammaproteobacteria","Pseudomonadales","Pseudomonadaceae","Pseudomonas",NA
"ASV74d2642d8317","Bacteria","Pseudomonadota","Gammaproteobacteria","Pseudomonadales","Pseudomonadaceae","Pseudomonas","frederiksbergensis"
"ASV0b7b215d4a0e","Bacteria","Pseudomonadota","Gammaproteobacteria","Pseudomonadales","Pseudomonadaceae","Pseudomonas","parafulva"
"ASV1d07d14c184e","Bacteria","Pseudomonadota","Gammaproteobacteria","Pseudomonadales","Pseudomonadaceae","Pseudomonas",NA
"ASVb62581c68724","Bacteria","Pseudomonadota","Gammaproteobacteria","Pseudomonadales","Pseudomonadaceae","Pseudomonas","citronellolis"
"ASVabb141b9fd64","Bacteria","Pseudomonadota","Gammaproteobacteria","Pseudomonadales","Pseudomonadaceae","Pseudomonas","chlororaphis"
"ASV47f3513b8d5a","Bacteria","Pseudomonadota","Gammaproteobacteria","Enterobacterales","Aeromonadaceae","Aeromonas","salmonicida"
"ASV002794ba98ad","Bacteria","Pseudomonadota","Gammaproteobacteria","Enterobacterales","Enterobacteriaceae","Kosakonia","radicincitans"
"ASV94d42265be51","Bacteria","Pseudomonadota","Gammaproteobacteria","Pseudomonadales","Pseudomonadaceae","Pseudomonas","umsongensis"
"ASV81bcc1cf907b","Bacteria","Pseudomonadota","Gammaproteobacteria","Pseudomonadales","Pseudomonadaceae","Pseudomonas",NA
"ASV6e3b33f711cf","Bacteria","Pseudomonadota","Gammaproteobacteria","Pseudomonadales","Pseudomonadaceae","Pseudomonas","cichorii"
"ASV6afbf6caacda","Bacteria","Pseudomonadota","Gammaproteobacteria","Lysobacterales","Lysobacteraceae","Stenotrophomonas","maltophilia"
"ASV723a382a55d8","Bacteria","Pseudomonadota","Gammaproteobacteria","Pseudomonadales","Moraxellaceae","Acinetobacter","pittii"
"ASVbbbaa854ec1d","Bacteria","Pseudomonadota","Gammaproteobacteria","Lysobacterales","Lysobacteraceae","Pseudoxanthomonas","mexicana"
"ASV62edf3791a0a","Bacteria","Pseudomonadota","Alphaproteobacteria","Hyphomicrobiales","Rhizobiaceae",NA,NA
"ASV5a14d4522074","Bacteria","Pseudomonadota","Alphaproteobacteria","Hyphomicrobiales","Rhizobiaceae","Ensifer","adhaerens"
"ASVc5467b4bd7cf","Bacteria","Pseudomonadota","Gammaproteobacteria","Lysobacterales","Lysobacteraceae","Stenotrophomonas","maltophilia"
"ASV027d78721f1c","Bacteria","Pseudomonadota","Gammaproteobacteria","Pseudomonadales","Pseudomonadaceae","Pseudomonas",NA
"ASVc9fae288f043","Bacteria","Pseudomonadota","Gammaproteobacteria","Pseudomonadales","Moraxellaceae","Acinetobacter","johnsonii"
"ASV9bb1fe23c509","Bacteria","Pseudomonadota","Gammaproteobacteria","Enterobacterales","Enterobacteriaceae","Raoultella","ornithinolytica"
"ASVc6337cb85cc7","Bacteria","Pseudomonadota","Gammaproteobacteria","Enterobacterales","Enterobacteriaceae","Kosakonia","sacchari"
"ASVb7fad3c928ed","Bacteria","Pseudomonadota","Gammaproteobacteria","Pseudomonadales","Pseudomonadaceae","Pseudomonas","yamanorum"
"ASVf4ff3b8b6325","Bacteria","Pseudomonadota","Alphaproteobacteria","Hyphomicrobiales","Rhizobiaceae","Rhizobium",NA
"ASVe38389740aa9","Bacteria","Pseudomonadota","Alphaproteobacteria","Hyphomicrobiales","Beijerinckiaceae","Methylobacterium","radiotolerans"
"ASVe4ed02ce107d","Bacteria","Pseudomonadota","Alphaproteobacteria","Hyphomicrobiales","Rhizobiaceae","Agrobacterium","radiobacter"
"ASVdbf69a2014bf","Bacteria","Pseudomonadota","Gammaproteobacteria","Burkholderiales","Burkholderiaceae","Ralstonia","pickettii"
"ASV7147dc31ee00","Bacteria","Pseudomonadota","Gammaproteobacteria","Lysobacterales","Lysobacteraceae","Stenotrophomonas","maltophilia"
"ASV823d3f5e62da","Bacteria","Pseudomonadota","Alphaproteobacteria","Hyphomicrobiales","Rhizobiaceae","Mesorhizobium","plurifarium"
"ASV818f86c3e8ab","Bacteria","Pseudomonadota","Gammaproteobacteria","Burkholderiales","Comamonadaceae",NA,NA
"ASV54cf642c68c9","Bacteria","Pseudomonadota","Alphaproteobacteria","Hyphomicrobiales","Rhizobiaceae","Rhizobium",NA
"ASVda3d2e6d1009","Bacteria","Pseudomonadota","Gammaproteobacteria","Pseudomonadales","Pseudomonadaceae","Pseudomonas","xanthomarina"
"ASVdcc627a92e77","Bacteria","Pseudomonadota","Alphaproteobacteria","Hyphomicrobiales","Beijerinckiaceae","Methylobacterium",NA
"ASVa9b45a19d60b","Bacteria","Pseudomonadota","Gammaproteobacteria","Enterobacterales","Enterobacteriaceae",NA,NA
"ASV09b6fdbf8178","Bacteria","Pseudomonadota","Gammaproteobacteria","Pseudomonadales","Pseudomonadaceae","Pseudomonas",NA
"ASVebe5fa2ad3e0","Bacteria","Pseudomonadota","Alphaproteobacteria","Sphingomonadales","Sphingomonadaceae","Sphingomonas","melonis"
"ASV40bbadb7f1ba","Bacteria","Pseudomonadota","Gammaproteobacteria","Pseudomonadales","Pseudomonadaceae","Pseudomonas",NA
"ASVa4125b1e6109","Bacteria","Pseudomonadota","Gammaproteobacteria","Pseudomonadales","Pseudomonadaceae","Pseudomonas",NA
"ASVe17ca9e1962d","Bacteria","Pseudomonadota","Alphaproteobacteria","Hyphomicrobiales","Rhizobiaceae","Ensifer","adhaerens"
"ASVedbf0d2ed657","Bacteria","Pseudomonadota","Gammaproteobacteria","Pseudomonadales","Pseudomonadaceae","Pseudomonas","chlororaphis"
"ASVf04012a35e69","Bacteria","Pseudomonadota","Gammaproteobacteria","Burkholderiales","Comamonadaceae","Variovorax","paradoxus"
"ASV5cb57216ef07","Bacteria","Pseudomonadota","Gammaproteobacteria","Lysobacterales","Lysobacteraceae","Stenotrophomonas","rhizophila"
"ASV9cd2026cf4e7","Bacteria","Pseudomonadota","Alphaproteobacteria","Caulobacterales","Caulobacteraceae","Caulobacter","vibrioides"
"ASVe65e1bc8950d","Bacteria","Pseudomonadota","Alphaproteobacteria","Hyphomicrobiales","Xanthobacteraceae","Bradyrhizobium","elkanii"
"ASV68542ec416b6","Bacteria","Pseudomonadota","Alphaproteobacteria","Sphingomonadales","Sphingomonadaceae","Sphingomonas","paucimobilis"
"ASVabfa068a17e0","Bacteria","Pseudomonadota","Alphaproteobacteria","Hyphomicrobiales","Rhizobiaceae","Mesorhizobium",NA
"ASVb4b8fcce0687","Bacteria","Pseudomonadota","Gammaproteobacteria","Enterobacterales","Enterobacteriaceae","Klebsiella",NA
"ASV2708643a1cfd","Bacteria","Pseudomonadota","Gammaproteobacteria","Burkholderiales","Comamonadaceae",NA,NA
"ASVfadd7ffa9c80","Bacteria","Pseudomonadota","Gammaproteobacteria","Pseudomonadales","Pseudomonadaceae","Pseudomonas","xanthomarina"
"ASV932d2de5479f","Bacteria","Pseudomonadota","Gammaproteobacteria","Pseudomonadales","Pseudomonadaceae","Pseudomonas",NA
"ASV8d8586d76f43","Bacteria","Pseudomonadota","Gammaproteobacteria","Pseudomonadales","Moraxellaceae","Acinetobacter","johnsonii"
"ASV6cbd9aa3444d","Bacteria","Pseudomonadota","Gammaproteobacteria","Pseudomonadales","Pseudomonadaceae","Pseudomonas",NA
"ASV23773865ddfa","Bacteria","Pseudomonadota","Gammaproteobacteria","Pseudomonadales","Pseudomonadaceae","Pseudomonas",NA
"ASVfedb27a45612","Bacteria","Pseudomonadota","Gammaproteobacteria","Lysobacterales","Lysobacteraceae","Lysobacter","soli"
"ASV75e03858fece","Bacteria","Pseudomonadota","Gammaproteobacteria","Burkholderiales","Comamonadaceae","Rhizobacter","gummiphilus"
"ASVa3d7300487fd","Bacteria","Pseudomonadota","Alphaproteobacteria","Hyphomicrobiales","Rhizobiaceae","Mesorhizobium",NA
"ASV030a805011a6","Bacteria","Pseudomonadota","Gammaproteobacteria","Pseudomonadales","Pseudomonadaceae","Pseudomonas","xanthomarina"
"ASV8428cca7e731","Bacteria","Pseudomonadota","Gammaproteobacteria","Enterobacterales","Enterobacteriaceae",NA,NA
"ASV591ec5cefaf2","Bacteria","Pseudomonadota","Gammaproteobacteria","Pseudomonadales","Pseudomonadaceae","Pseudomonas",NA
"ASV7e55ef93f6a7","Bacteria","Pseudomonadota","Alphaproteobacteria","Hyphomicrobiales","Rhizobiaceae","Mesorhizobium",NA
"ASV9ca87747862e","Bacteria","Pseudomonadota","Alphaproteobacteria","Hyphomicrobiales","Beijerinckiaceae","Bosea",NA
"ASV4855e2be7cf4","Bacteria","Pseudomonadota","Gammaproteobacteria","Enterobacterales","Enterobacteriaceae",NA,NA
"ASV2bde0874bcb5","Bacteria","Pseudomonadota","Alphaproteobacteria","Hyphomicrobiales","Rhizobiaceae",NA,NA
"ASVace15768cfde","Bacteria","Pseudomonadota","Gammaproteobacteria","Burkholderiales","Rhodocyclaceae","Methyloversatilis",NA
"ASV08263a93f45f","Bacteria","Pseudomonadota","Gammaproteobacteria","Burkholderiales","Burkholderiaceae","Ralstonia","solanacearum"
"ASV58ecad599d46","Bacteria","Bacteroidota","Bacteroidia","Bacteroidales","Dysgonomonadaceae","Dysgonomonas",NA
"ASV5839ad4774ac","Bacteria","Pseudomonadota","Gammaproteobacteria","Enterobacterales","Enterobacteriaceae","Citrobacter",NA
"ASV3492176bea45","Bacteria","Pseudomonadota","Gammaproteobacteria","Enterobacterales","Enterobacteriaceae",NA,NA
"ASV67e7ad09e075","Bacteria","Pseudomonadota","Gammaproteobacteria","Enterobacterales","Enterobacteriaceae",NA,NA
"ASV5256c2e3f679","Bacteria","Bacillota","Clostridia","Lachnospirales","Lachnospiraceae","Blautia","obeum"
"ASV4747f8802097","Bacteria","Pseudomonadota","Gammaproteobacteria","Burkholderiales","Comamonadaceae","Comamonas","testosteroni"
"ASV26432feec5f6","Bacteria","Pseudomonadota","Gammaproteobacteria","Pseudomonadales","Pseudomonadaceae","Pseudomonas","stutzeri"
"ASVd156060ccf06","Bacteria","Pseudomonadota","Gammaproteobacteria","Burkholderiales","Burkholderiaceae","Cupriavidus","necator"
"ASVaf5ed598355f","Bacteria","Pseudomonadota","Gammaproteobacteria","Enterobacterales","Enterobacteriaceae",NA,NA
"ASVf874551ec869","Bacteria","Bacteroidota","Bacteroidia","Bacteroidales","Dysgonomonadaceae","Dysgonomonas","mossii"
"ASVa9eb4b5289fc","Bacteria","Pseudomonadota","Gammaproteobacteria","Burkholderiales","Comamonadaceae","Comamonas",NA
"ASVf8a5d3c9b3c3","Bacteria","Pseudomonadota","Alphaproteobacteria","Sphingomonadales","Sphingomonadaceae","Sphingomonas",NA
"ASV736f405242b9","Bacteria","Actinomycetota","Actinobacteria","Micrococcales","Microbacteriaceae","Microbacterium","oxydans"
"ASV37ba12b1070f","Bacteria","Pseudomonadota","Alphaproteobacteria","Hyphomicrobiales","Rhizobiaceae","Pararhizobium",NA
"ASVaee5702190cc","Bacteria","Pseudomonadota","Gammaproteobacteria","Burkholderiales","Oxalobacteraceae","Massilia",NA
"ASV5dae0aaa43d6","Bacteria","Pseudomonadota","Gammaproteobacteria","Lysobacterales","Lysobacteraceae","Stenotrophomonas","rhizophila"
"ASV82ff27b3317e","Bacteria","Pseudomonadota","Gammaproteobacteria","Pseudomonadales","Moraxellaceae","Acinetobacter","lwoffii"
"ASV3df1cf4031c2","Bacteria","Pseudomonadota","Gammaproteobacteria","Enterobacterales","Enterobacteriaceae","Klebsiella",NA
"ASV13c16c388b3d","Bacteria","Pseudomonadota","Alphaproteobacteria","Hyphomicrobiales","Xanthobacteraceae","Rhodopseudomonas",NA
"ASV62a80e84cae1","Bacteria","Pseudomonadota","Alphaproteobacteria","Hyphomicrobiales","Rhizobiaceae","Chelativorans","composti"
"ASV66b24bba09df","Bacteria","Pseudomonadota","Gammaproteobacteria","Burkholderiales","Alcaligenaceae","Achromobacter",NA
"ASVfc7469fc1cf3","Bacteria","Pseudomonadota","Alphaproteobacteria","Caulobacterales","Caulobacteraceae","Caulobacter","vibrioides"
"ASVc915a5191030","Bacteria","Pseudomonadota","Alphaproteobacteria","Hyphomicrobiales","Xanthobacteraceae","Pseudolabrys",NA
"ASV38eacd5aae21","Bacteria","Actinomycetota","Coriobacteriia","Coriobacteriales","Coriobacteriaceae","Collinsella","aerofaciens"
"ASV7209bf51f759","Bacteria","Pseudomonadota","Alphaproteobacteria","Defluviicoccales","Defluviicoccaceae","Defluviicoccus",NA
"ASVffcb689d0f16","Bacteria","Pseudomonadota","Gammaproteobacteria","Burkholderiales","Alcaligenaceae","Bordetella",NA
"ASVc88caae2cbc4","Bacteria","Actinomycetota","Actinobacteria","Micrococcales","Microbacteriaceae","Microbacterium","testaceum"
"ASV69b4b94053f6","Bacteria","Planctomycetota","Phycisphaerae","Tepidisphaerales","WD2101 soil group",NA,NA
"ASVddf29a034027","Bacteria","Pseudomonadota","Gammaproteobacteria","Enterobacterales","Enterobacteriaceae",NA,NA
"ASV49273564c11d","Bacteria","Pseudomonadota","Gammaproteobacteria","Pseudomonadales","Pseudomonadaceae","Pseudomonas",NA
"ASV53d62acaa768","Bacteria","Bacillota","Clostridia","Lachnospirales","Lachnospiraceae","[Ruminococcus] gnavus group",NA
"ASVcd81a0af6fa6","Bacteria","Actinomycetota","Actinobacteria","Mycobacteriales","Nocardiaceae","Rhodococcus","erythropolis"
"ASV7908b11470b3","Bacteria","Pseudomonadota","Alphaproteobacteria","Caulobacterales","Caulobacteraceae","Caulobacter","vibrioides"
"ASV7730e223c2be","Bacteria","Pseudomonadota","Gammaproteobacteria","Burkholderiales","Burkholderiaceae","Burkholderia-Caballeronia-Paraburkholderia","xenovorans"
"ASVf0cd9dc570d5","Bacteria","Pseudomonadota","Alphaproteobacteria","Hyphomicrobiales","Rhizobiaceae","Brucella","melitensis"
"ASV46141ed1367f","Bacteria","Pseudomonadota","Alphaproteobacteria","Hyphomicrobiales","Rhizobiaceae","Endobacterium",NA
"ASV202267384656","Bacteria","Pseudomonadota","Alphaproteobacteria","Caulobacterales","Caulobacteraceae","Brevundimonas","bullata"
"ASV61192ab7fc50","Bacteria","Pseudomonadota","Alphaproteobacteria","Hyphomicrobiales","Devosiaceae","Devosia",NA
"ASVd3321805a392","Bacteria","Pseudomonadota","Gammaproteobacteria","Burkholderiales","Oxalobacteraceae","Massilia",NA
"ASV27caea67a21c","Bacteria","Pseudomonadota","Alphaproteobacteria","Hyphomicrobiales","Rhizobiaceae","Chelativorans",NA
"ASV4d78e9c069bb","Bacteria","Bacillota","Clostridia","Oscillospirales","Ruminococcaceae","Ruminococcus","bromii"
"ASVd60b1165f993","Bacteria","Pseudomonadota","Gammaproteobacteria","Enterobacterales","Enterobacteriaceae","Escherichia-Shigella","coli"
"ASV5a1e89cc98f2","Bacteria","Bacteroidota","Bacteroidia","Flavobacteriales","Weeksellaceae","Chryseobacterium","indologenes"
"ASV2c83ad2ce552","Bacteria","Bacillota","Clostridia","Lachnospirales","Lachnospiraceae","Blautia",NA
"ASV38555c9c6166","Bacteria","Bacillota","Clostridia","Oscillospirales","Ruminococcaceae","Gemmiger",NA
"ASVc087aee751e4","Bacteria","Bacteroidota","Bacteroidia","Chitinophagales","Chitinophagaceae","Sediminibacterium",NA
"ASV5107786af8db","Bacteria","Bacillota","Clostridia","Lachnospirales","Lachnospiraceae","Blautia",NA
"ASVeacf45e45eed","Bacteria","Bacteroidota","Bacteroidia","Sphingobacteriales","Sphingobacteriaceae","Sphingobacterium","multivorum"
"ASV8427c44d0c62","Bacteria","Pseudomonadota","Gammaproteobacteria","Lysobacterales","Rhodanobacteraceae","Dokdonella",NA
"ASV1d2f52a5033e","Bacteria","Bacillota","Clostridia","Lachnospirales","Lachnospiraceae","Faecalimonas",NA
"ASV130e310dd555","Bacteria","Bacteroidota","Bacteroidia",NA,NA,NA,NA
"ASV3a9277eb97e0","Bacteria","Pseudomonadota","Gammaproteobacteria","Burkholderiales","Comamonadaceae","Comamonas","terrigena"
"ASV723b88ae699f","Bacteria","Bacillota","Clostridia","Lachnospirales","Lachnospiraceae","Coprococcus","comes"
"ASV282a1bb35482","Bacteria","Pseudomonadota","Gammaproteobacteria","Pseudomonadales","Pseudomonadaceae","Pseudomonas",NA
"ASVad24189bfa92","Bacteria","Pseudomonadota","Gammaproteobacteria","Enterobacterales","Yersiniaceae","Serratia","marcescens"
"ASVedfbac3231a8","Bacteria","Pseudomonadota","Alphaproteobacteria","Hyphomicrobiales","Xanthobacteraceae","Rhodopseudomonas",NA
"ASVba7b7a771f0f","Bacteria","Pseudomonadota","Alphaproteobacteria","Hyphomicrobiales","Beijerinckiaceae","Bosea",NA
"ASVcdac0e2a990b","Bacteria","Pseudomonadota","Alphaproteobacteria","Caulobacterales","Caulobacteraceae","Brevundimonas","vesicularis"
"ASVef701db04cec","Bacteria","Bacillota","Clostridia","Oscillospirales","Butyricicoccaceae","UCG-008",NA
"ASV5e6388823b80","Bacteria","Bacillota","Bacilli","Lactobacillales","Streptococcaceae","Streptococcus","lutetiensis"
"ASVa0099339c59b","Bacteria","Bacillota","Clostridia","Lachnospirales","Lachnospiraceae","[Ruminococcus] gauvreauii group",NA
"ASVd5fa8d7e4fb0","Bacteria","Pseudomonadota","Gammaproteobacteria","Pseudomonadales","Moraxellaceae","Acinetobacter","bereziniae"
"ASV9e07fb587a54","Bacteria","Bacillota","Bacilli","Lactobacillales","Enterococcaceae","Enterococcus",NA
"ASV4b4d0b478196","Bacteria","Bacteroidota","Bacteroidia","Cytophagales","Hymenobacteraceae","Rufibacter",NA
"ASVb28e28813f5c","Bacteria","Bacillota","Clostridia","Lachnospirales","Lachnospiraceae","Lachnospiraceae NK4A136 group",NA
"ASVfe16ee68eca0","Bacteria","Bacillota","Bacilli","Bacillales","Bacillaceae",NA,NA
"ASV8c4e17955919","Bacteria","Bacillota","Clostridia","Lachnospirales","Lachnospiraceae","Blautia",NA
"ASV7056014a71ba","Bacteria","Pseudomonadota","Gammaproteobacteria","Burkholderiales","Oxalobacteraceae","Massilia","putida"
"ASVd118e55d83b3","Bacteria","Bacillota","Clostridia","Lachnospirales","Lachnospiraceae","Blautia","obeum"
"ASV512f92f5e631","Bacteria","Bacillota","Clostridia","Lachnospirales","Lachnospiraceae","[Eubacterium] eligens group",NA
"ASV0b80db85d147","Bacteria","Deinococcota","Deinococci","Thermales","Thermaceae","Thermus","scotoductus"
"ASVb24a182c6f2f","Bacteria","Pseudomonadota","Gammaproteobacteria","Pseudomonadales","Moraxellaceae","Enhydrobacter",NA
"ASVac7e72d0c1e3","Bacteria","Bacillota","Clostridia","Oscillospirales","Ruminococcaceae","Faecalibacterium","prausnitzii"
"ASV17a2dd138d27","Bacteria","Bacillota","Bacilli","Lactobacillales","Streptococcaceae","Streptococcus","gallolyticus"
"ASV42a2801b5041","Bacteria","Pseudomonadota","Gammaproteobacteria","Burkholderiales","Oxalobacteraceae","Massilia","oculi"
"ASV02723aa60bb2","Bacteria","Pseudomonadota","Alphaproteobacteria","Sphingomonadales","Sphingomonadaceae","Sphingopyxis","alaskensis"
"ASV7f743faabaad","Bacteria","Bacillota","Clostridia","Lachnospirales","Lachnospiraceae",NA,NA
"ASVd2faf0bc7bbe","Bacteria","Bacillota","Bacilli","Bacillales","Bacillaceae","Pseudogracilibacillus",NA
"ASV1c4340c26f13","Bacteria","Bacillota","Clostridia","Lachnospirales","Lachnospiraceae",NA,NA
"ASV7d2be5203e4c","Bacteria","Pseudomonadota","Gammaproteobacteria","Pseudomonadales","Moraxellaceae","Acinetobacter",NA
"ASVc0bcfd45c06e","Bacteria","Bacteroidota","Bacteroidia","Flavobacteriales","Weeksellaceae","Chryseobacterium","hispalense"
"ASVe467d2b7fa89","Bacteria","Pseudomonadota","Alphaproteobacteria","Reyranellales","Reyranellaceae","Reyranella",NA
"ASVb29b6d5d63a0","Bacteria","Pseudomonadota","Alphaproteobacteria","Caulobacterales","Caulobacteraceae","Brevundimonas",NA
"ASV1a401b3aa8fe","Bacteria","Actinomycetota","Actinobacteria","Mycobacteriales","Nocardiaceae","Gordonia","terrae"
"ASVd27d0072d5b1","Bacteria","Pseudomonadota","Gammaproteobacteria","Burkholderiales","Oxalobacteraceae","Massilia","timonae"
"ASV7dcf9cf26f1d","Bacteria","Pseudomonadota","Gammaproteobacteria","Lysobacterales","Lysobacteraceae","Xanthomonas",NA
"ASV8d8325cb4cd4","Bacteria","Pseudomonadota","Gammaproteobacteria","Burkholderiales","Comamonadaceae","Acidovorax",NA
"ASVd6a6d856c2e5","Bacteria","Bacillota","Bacilli","Lactobacillales","Lactobacillaceae","Lactobacillus","amylovorus"
"ASV3ffa3265b190","Bacteria","Actinomycetota","Actinobacteria","Pseudonocardiales","Pseudonocardiaceae","Pseudonocardia",NA
"ASV96899490109e","Bacteria","Bacteroidota","Bacteroidia","Flavobacteriales","Weeksellaceae","Chryseobacterium","taklimakanense"
"ASV5d8f5e011b43","Bacteria","Cyanobacteriota","Cyanobacteriia","Cyanobacteriales","Nostocaceae","Calothrix PCC-6303",NA
"ASV6590de7981cc","Bacteria","Cyanobacteriota","Cyanobacteriia","Cyanobacteriales","Chroococcidiopsaceae","Aliterella",NA
"ASVc5d775b00a3a","Bacteria","Pseudomonadota","Gammaproteobacteria","Pseudomonadales","Pseudomonadaceae","Pseudomonas",NA
"ASVbd1521f591e9","Bacteria","Pseudomonadota","Alphaproteobacteria","Hyphomicrobiales","Rhizobiaceae","Shinella",NA
"ASV33fc4fa86238","Bacteria","Pseudomonadota","Alphaproteobacteria","Hyphomicrobiales","Xanthobacteraceae",NA,NA
"ASV8502b8238687","Bacteria","Bacteroidota","Bacteroidia","Bacteroidales","Rikenellaceae","Alistipes","indistinctus"
"ASV656c11326c32","Bacteria","Bacteroidota","Bacteroidia","Bacteroidales","Prevotellaceae","Prevotella",NA
"ASV52f3911bdb47","Bacteria","Actinomycetota","Acidimicrobiia","Microtrichales",NA,NA,NA
"ASV8ba990882d85","Bacteria","Pseudomonadota","Alphaproteobacteria","Hyphomicrobiales","Beijerinckiaceae","Methylobacterium","radiotolerans"
"ASVd1d87d487cd6","Bacteria","Pseudomonadota","Alphaproteobacteria","Rhodobacterales","Paracoccaceae","Amaricoccus","tamworthensis"
"ASVbe6095194b47","Bacteria","Bacillota","Clostridia","Lachnospirales","Lachnospiraceae","Blautia",NA
"ASV9bffa74fb363","Bacteria","Pseudomonadota","Alphaproteobacteria","Rhodobacterales","Paracoccaceae","Paracoccus",NA
"ASV063d4aa205f2","Bacteria","Pseudomonadota","Gammaproteobacteria","Pseudomonadales","Alcanivoracaceae1","Alcanivorax","dieselolei"
"ASV23cb09a994e9","Bacteria","Pseudomonadota","Gammaproteobacteria","Gammaproteobacteria Incertae Sedis","Unknown Family","Acidibacter",NA
"ASV351678e02ac1","Bacteria","Pseudomonadota","Alphaproteobacteria","Sphingomonadales","Sphingomonadaceae","Sphingomonas",NA
"ASVc9945b36de2e","Bacteria","Bacillota","Clostridia","Oscillospirales","Ruminococcaceae","Faecalibacterium",NA
"ASV4d2796c4a953","Bacteria","Pseudomonadota","Gammaproteobacteria","Pseudomonadales","Pseudomonadaceae","Pseudomonas",NA
"ASVb4a43e8d0e92","Bacteria","Bacillota","Clostridia","Lachnospirales","Lachnospiraceae","Anaerostipes","hadrus"
"ASV862a27aca4c5","Bacteria","Pseudomonadota","Alphaproteobacteria","Sphingomonadales","Sphingomonadaceae","Sphingobium","yanoikuyae"
"ASVc80401c852a6","Bacteria","Pseudomonadota","Gammaproteobacteria","Burkholderiales","Burkholderiaceae","Ralstonia","pickettii"
"ASV46bc3f47ac2a","Bacteria","Bacillota","Bacilli","Paenibacillales","Paenibacillaceae",NA,NA
"ASVce62c15a5b16","Bacteria","Pseudomonadota","Gammaproteobacteria","Burkholderiales","Oxalobacteraceae","Massilia",NA
"ASV753ef85bfc06","Bacteria","Pseudomonadota","Gammaproteobacteria","Enterobacterales","Vibrionaceae","Vibrio","natriegens"
"ASV97f1e3523f39","Bacteria","Actinomycetota","Thermoleophilia","Solirubrobacterales","67-14",NA,NA
"ASVe2e8d5b8f1f3","Bacteria","Pseudomonadota","Alphaproteobacteria","Caulobacterales","Caulobacteraceae","Brevundimonas","terrae"
"ASVd44b07e6b86a","Bacteria","Actinomycetota","Actinobacteria","Micrococcales",NA,NA,NA
"ASV62775e6005a7","Bacteria","Pseudomonadota","Gammaproteobacteria","Lysobacterales","Rhodanobacteraceae","Dyella",NA
"ASV467b7619906b","Eukaryota",NA,NA,NA,NA,NA,NA
"ASVb63e49132400","Bacteria","Actinomycetota","Actinobacteria","Micrococcales","Cellulomonadaceae","Cellulomonas","fimi"
"ASV916e12a9ec13","Bacteria","Actinomycetota","Actinobacteria","Actinomycetales","Actinomycetaceae","Flaviflexus",NA
"ASV4aafb85bbfd2","Bacteria","Bacillota","Bacilli","Staphylococcales","Staphylococcaceae","Staphylococcus","aureus"
"ASV0121447a8377","Bacteria","Cyanobacteriota","Cyanobacteriia","Cyanobacteriales","Nostocaceae","Calothrix PCC-6303",NA
"ASV7aa07b73a61c","Bacteria","Methylomirabilota","Methylomirabilia","Rokubacteriales",NA,NA,NA
"ASV1fb9cbd1e86c","Bacteria","Pseudomonadota","Gammaproteobacteria","Burkholderiales","Rhodocyclaceae","Dechloromonas",NA
"ASVd37c1d13416d","Bacteria","Pseudomonadota","Gammaproteobacteria","Pseudomonadales","Pseudomonadaceae","Pseudomonas",NA
"ASVbb3bc658e9d1","Bacteria","Bacteroidota","Bacteroidia","Flavobacteriales","Weeksellaceae","Chryseobacterium","anthropi"
"ASV6d88a25e1711","Bacteria","Bacillota","Clostridia","Lachnospirales","Lachnospiraceae",NA,NA
"ASVd05e0f325d53","Bacteria","Pseudomonadota","Alphaproteobacteria","Caulobacterales","Caulobacteraceae","Caulobacter",NA
"ASVf60875638d6e","Bacteria","Bacteroidota","Bacteroidia","Flavobacteriales","Weeksellaceae","Chryseobacterium","indologenes"
"ASVe9e6ac7e8c79","Bacteria","Actinomycetota","Actinobacteria","Mycobacteriales","Mycobacteriaceae","Mycobacterium",NA
"ASV25a1a9662500","Bacteria","Bacillota","Clostridia","Lachnospirales","Lachnospiraceae","CAG-56",NA
"ASV7d448ae89273","Bacteria","Pseudomonadota","Alphaproteobacteria","Caulobacterales","Caulobacteraceae","Asticcacaulis",NA
"ASVfa949b4848d0","Bacteria","Pseudomonadota","Alphaproteobacteria","Sphingomonadales","Sphingomonadaceae","Ellin6055",NA
"ASVdc93c1b15d99","Bacteria","Pseudomonadota","Gammaproteobacteria","Burkholderiales","Comamonadaceae","Pseudorhodoferax",NA
"ASVc55cde649979","Bacteria","Pseudomonadota","Alphaproteobacteria","Sphingomonadales","Sphingomonadaceae","DSSF69",NA
"ASV44910e212265","Bacteria","Actinomycetota","Acidimicrobiia","Actinomarinales",NA,NA,NA
"ASVd104d82be75b","Bacteria","Actinomycetota","Actinobacteria","Propionibacteriales","Nocardioidaceae","Marmoricola",NA
"ASVafee1c8bd378","Bacteria","Pseudomonadota","Alphaproteobacteria","Hyphomicrobiales","Xanthobacteraceae","Bradyrhizobium",NA
"ASVd478b40f0575","Bacteria","Bacillota","Clostridia","Lachnospirales","Lachnospiraceae","Blautia",NA
"ASV280b4eaad41c","Bacteria","Pseudomonadota","Gammaproteobacteria","Burkholderiales","Burkholderiaceae","Burkholderia-Caballeronia-Paraburkholderia",NA
"ASV2c141abaef52","Bacteria","Bacillota","Clostridia","Lachnospirales","Lachnospiraceae",NA,NA
"ASV23bc7128dd95","Bacteria","Pseudomonadota","Gammaproteobacteria","Enterobacterales","Morganellaceae","Candidatus Regiella",NA
"ASV234265681c40","Bacteria","Bacteroidota","Bacteroidia","Bacteroidales","Bacteroidaceae","Bacteroides","coprocola"
"ASV57883b429222","Bacteria","Pseudomonadota","Alphaproteobacteria","Caulobacterales","Caulobacteraceae","Caulobacter","henricii"
"ASVfc46e48f8092","Bacteria","Pseudomonadota","Alphaproteobacteria","Hyphomicrobiales","Xanthobacteraceae","Bradyrhizobium","elkanii"
"ASV7890d6814271","Bacteria","Bacillota","Clostridia","Clostridiales","Clostridiaceae","Clostridium",NA
"ASV6bc98834db61","Bacteria","Actinomycetota","Acidimicrobiia","Microtrichales",NA,NA,NA
"ASVd6b21f55d4b2","Bacteria","Pseudomonadota","Alphaproteobacteria","Sphingomonadales","Sphingomonadaceae","Sphingomonas","echinoides"
"ASV134ccadd89d5","Bacteria","Pseudomonadota","Gammaproteobacteria","Burkholderiales","Neisseriaceae",NA,NA
"ASV80510551c189","Bacteria","Pseudomonadota","Alphaproteobacteria","Hyphomicrobiales","Devosiaceae","Pelagibacterium",NA
"ASV643952ad8cd6","Bacteria","Bacillota","Clostridia","Lachnospirales","Lachnospiraceae","Dorea",NA
"ASV5cbc26b297c6","Bacteria","Pseudomonadota","Gammaproteobacteria","Pseudomonadales","Moraxellaceae","Acinetobacter","lwoffii"
"ASV953e5d20f082","Bacteria","Cyanobacteriota","Cyanobacteriia","Cyanobacteriales","Nostocaceae","Calothrix PCC-6303",NA
"ASV6d594b96a8a5","Bacteria","Pseudomonadota","Gammaproteobacteria","Burkholderiales","Comamonadaceae","Xylophilus",NA
"ASV4655a28d5feb","Bacteria","Bacillota","Clostridia","Lachnospirales","Lachnospiraceae","CHKCI001",NA
"ASVd69f136fe42a","Bacteria","Pseudomonadota","Alphaproteobacteria","Hyphomicrobiales","Rhizobiaceae",NA,NA
"ASV25ff3bf468b5","Bacteria","Bacteroidota","Bacteroidia","Sphingobacteriales","Sphingobacteriaceae","Pedobacter",NA
"ASVe14909ad3fd7","Bacteria","Pseudomonadota","Alphaproteobacteria","Sphingomonadales","Sphingomonadaceae","Sphingomonas",NA
"ASV812e21859a2f","Bacteria","Pseudomonadota","Alphaproteobacteria","Hyphomicrobiales","Rhizobiaceae","Shinella",NA
"ASVa7e57ba2a374","Bacteria","Pseudomonadota","Gammaproteobacteria","Lysobacterales","Lysobacteraceae","Luteimonas",NA
"ASV92fcdfcac2d8","Bacteria","Pseudomonadota","Gammaproteobacteria","Burkholderiales","Comamonadaceae","Delftia","tsuruhatensis"
"ASV2c5402d7cb04","Bacteria","Pseudomonadota","Gammaproteobacteria","Burkholderiales","Comamonadaceae","Variovorax","paradoxus"
"ASV2df4d117a552","Bacteria","Pseudomonadota","Gammaproteobacteria","Pseudomonadales","Moraxellaceae","Acinetobacter",NA
"ASV62dafe4819bb","Bacteria","Bacillota","Bacilli","Lactobacillales","Lactobacillaceae","Ligilactobacillus",NA
"ASV6ea6a10de1be","Bacteria","Bacillota","Bacilli","Paenibacillales","Paenibacillaceae","Thermobacillus","composti"
"ASV23c603a4506c","Bacteria","Pseudomonadota","Gammaproteobacteria","Burkholderiales","Comamonadaceae","Polaromonas",NA
"ASV3ac80b76f7ea","Bacteria","Campylobacterota","Campylobacteria","Campylobacterales","Helicobacteraceae","Wolinella","succinogenes"
"ASVca81ba4f6f38","Bacteria","Pseudomonadota","Alphaproteobacteria","Caulobacterales","Caulobacteraceae","Brevundimonas","abyssalis"
"ASV47f5de86e643","Bacteria","Pseudomonadota","Gammaproteobacteria","Burkholderiales","Comamonadaceae",NA,NA
"ASV033c2311e6e3","Bacteria","Actinomycetota","Thermoleophilia","Solirubrobacterales","Solirubrobacteraceae","Conexibacter",NA
"ASV8832e39c492e","Bacteria","Cyanobacteriota","Cyanobacteriia","Cyanobacteriales","Nostocaceae","Calothrix PCC-6303",NA
"ASV5c043560d714","Bacteria","Pseudomonadota","Alphaproteobacteria","Acetobacterales","Acetobacteraceae","Roseomonas",NA
"ASV338f2586a7d5","Bacteria","Bacillota","Clostridia","Oscillospirales","Ruminococcaceae","Faecalibacterium","prausnitzii"
"ASVa97c50ad8d69","Bacteria","Bacillota","Clostridia","Oscillospirales","Ruminococcaceae","Gemmiger",NA
"ASV125590bb75f4","Bacteria","Bacteroidota","Bacteroidia","Bacteroidales","Bacteroidaceae","Bacteroides","ovatus"
"ASVc11660b06636","Bacteria","Pseudomonadota","Gammaproteobacteria","Burkholderiales","Burkholderiaceae","Burkholderia-Caballeronia-Paraburkholderia",NA
"ASV9383b45e4ad4","Bacteria","Bacillota","Clostridia","Lachnospirales","Lachnospiraceae","Faecalicatena",NA
"ASV456c68303cb9","Bacteria","Pseudomonadota","Alphaproteobacteria","Hyphomicrobiales","Rhizobiaceae","Agrobacterium",NA
"ASV43212d3eadb5","Bacteria","Bacillota","Clostridia","Lachnospirales","Lachnospiraceae","Anaerobutyricum",NA
"ASV0d74c2b30e29","Bacteria","Bacteroidota","Bacteroidia","Bacteroidales","Bacteroidaceae","Bacteroides","dorei"
"ASV7e9cd5179d00","Bacteria","Pseudomonadota","Gammaproteobacteria","Burkholderiales","Comamonadaceae","Rubrivivax",NA
"ASV76aa2bc853b4","Bacteria","Actinomycetota","Actinobacteria","Propionibacteriales","Nocardioidaceae","Nocardioides",NA
"ASVf31e09e5c194","Bacteria","Pseudomonadota","Gammaproteobacteria","Burkholderiales","Alcaligenaceae","Bordetella",NA
"ASV8796e588fb6a","Bacteria","Pseudomonadota","Alphaproteobacteria","Hyphomicrobiales","Xanthobacteraceae",NA,NA
"ASV2fef1ea1df6f","Bacteria","Bacteroidota","Bacteroidia","Bacteroidales","Bacteroidaceae","Bacteroides","vulgatus"
"ASV7f159be09e8c","Bacteria","Actinomycetota","Coriobacteriia","Coriobacteriales","Eggerthellaceae","Eggerthella","lenta"
"ASVcddde4611a00","Bacteria","Bacillota","Clostridia","Lachnospirales","Lachnospiraceae","Blautia",NA
"ASV7987df0fef39","Bacteria","Pseudomonadota","Gammaproteobacteria","Pseudomonadales","Pseudomonadaceae","Pseudomonas","otitidis"
"ASV5c7747958cd5","Bacteria","Pseudomonadota","Alphaproteobacteria","Caulobacterales","Caulobacteraceae","Brevundimonas",NA
"ASV4f603613e596","Bacteria","Pseudomonadota","Gammaproteobacteria","Pseudomonadales","Pseudomonadaceae","Pseudomonas",NA
"ASV6d7642f8ff97","Bacteria","Bacillota","Clostridia","Peptostreptococcales-Tissierellales","Sedimentibacteraceae","Sedimentibacter",NA
"ASV9669f0c3bd94","Bacteria","Bacillota","Bacilli","Lactobacillales","Lactobacillaceae","Lactobacillus","amylovorus"
"ASVc5a2a72935b2","Bacteria","Pseudomonadota","Gammaproteobacteria","Pseudomonadales","Moraxellaceae","Acinetobacter","johnsonii"
"ASVaf158ce74235","Bacteria","Pseudomonadota","Alphaproteobacteria","Sphingomonadales","Sphingomonadaceae","Croceibacterium",NA
"ASVba0a637ab0ef","Bacteria","Pseudomonadota","Gammaproteobacteria","Enterobacterales","Enterobacteriaceae","Raoultella",NA
"ASVd6f252304653","Bacteria","Pseudomonadota","Alphaproteobacteria","Caulobacterales","Caulobacteraceae","Brevundimonas",NA
"ASV719fa417af49","Bacteria","Bacillota","Bacilli","Bacillales","Planococcaceae","Lysinibacillus",NA
"ASV44d9735baaf4","Bacteria","Bacillota","Clostridia","Peptostreptococcales-Tissierellales","Natronincolaceae","Alkaliphilus","oremlandii"
"ASV5a88c97e4582","Bacteria","Pseudomonadota","Gammaproteobacteria","Pseudomonadales","Cellvibrionaceae","Cellvibrio",NA
"ASV82f185500524","Bacteria","Pseudomonadota","Alphaproteobacteria","Hyphomicrobiales","Xanthobacteraceae","Pseudorhodoplanes",NA
"ASVcc8e141ab573","Bacteria","Pseudomonadota","Alphaproteobacteria","Hyphomicrobiales","Beijerinckiaceae","Chelatococcus",NA
"ASV26fdd6dd44cd","Bacteria","Pseudomonadota","Alphaproteobacteria","Micropepsales","Micropepsaceae",NA,NA
"ASVd013bf242259","Bacteria","Cyanobacteriota","Sericytochromatia",NA,NA,NA,NA
"ASVb08a36d69619","Bacteria","Pseudomonadota","Gammaproteobacteria","Pseudomonadales","Pseudomonadaceae","Pseudomonas",NA
"ASV48da22e13fcf","Bacteria","Pseudomonadota","Gammaproteobacteria","Pseudomonadales","Pseudomonadaceae","Pseudomonas","xanthomarina"
"ASV94130a0f2663","Bacteria","Actinomycetota","Acidimicrobiia","Actinomarinales",NA,NA,NA
"ASV94376bb7187f","Bacteria","Myxococcota","Myxococcia","Myxococcales","Vulgatibacteraceae","Vulgatibacter",NA
"ASVc2ac55d1fc50","Bacteria","Pseudomonadota","Alphaproteobacteria","Hyphomicrobiales","Xanthobacteraceae","Bradyrhizobium",NA
"ASVe13484cb2868","Bacteria","Pseudomonadota","Alphaproteobacteria","Hyphomicrobiales","Beijerinckiaceae","Methylobacterium","brachiatum"
"ASV73119cd868ab","Bacteria","Bacteroidota","Bacteroidia","Flavobacteriales","Flavobacteriaceae","Flavobacterium",NA
"ASV55b6a8ef1d7d","Bacteria","Pseudomonadota","Alphaproteobacteria","Hyphomicrobiales","Rhizobiaceae","Mesorhizobium",NA
"ASV1ab84aba1672","Bacteria","Pseudomonadota","Gammaproteobacteria","Burkholderiales","Comamonadaceae","Comamonas",NA
"ASV43ebb35c4f58","Bacteria","Actinomycetota","Acidimicrobiia","Microtrichales","Ilumatobacteraceae","Desertimonas",NA
"ASV802f008a586c","Bacteria","Bacteroidota","Bacteroidia","Sphingobacteriales","Sphingobacteriaceae","Mucilaginibacter","daejeonensis"
"ASVdc8e606577db","Bacteria","Bacteroidota","Bacteroidia","Bacteroidales","Prevotellaceae","Leyella",NA
"ASV15f8b26cb160","Bacteria","Pseudomonadota","Gammaproteobacteria","Pseudomonadales","Pseudomonadaceae","Pseudomonas","yamanorum"
"ASV6f4de6629189","Bacteria","Pseudomonadota","Alphaproteobacteria","Hyphomicrobiales","Beijerinckiaceae","Methylobacterium","radiotolerans"
"ASVeed0d7f9af80","Bacteria","Bacillota","Clostridia","Lachnospirales","Lachnospiraceae","Fusicatenibacter",NA
"ASVd6eefe377a80","Bacteria","Cyanobacteriota","Cyanobacteriia","Chloroplast",NA,NA,NA
"ASV50b2edb1080f","Bacteria","Chloroflexota","Anaerolineae","RBG-13-54-9",NA,NA,NA
"ASV3f60da82f785","Bacteria","Actinomycetota","Actinobacteria","Pseudonocardiales","Pseudonocardiaceae","Actinomycetospora",NA
"ASVecadf899bf6f","Bacteria","Actinomycetota","Actinobacteria","Micrococcales","Promicromonosporaceae","Cellulosimicrobium","cellulans"
"ASVfd42ed591437","Bacteria","Pseudomonadota","Alphaproteobacteria","Rhodobacterales","Paracoccaceae","Paracoccus",NA
"ASVcf27c0697c25","Bacteria","Actinomycetota","Actinobacteria","Streptosporangiales","Streptosporangiaceae","Thermopolyspora",NA
"ASVcd2e429bcf43","Bacteria","Gemmatimonadota","S0134 terrestrial group",NA,NA,NA,NA
"ASV36219bf8cdb8","Bacteria","Bacillota","Bacilli","Lactobacillales","Carnobacteriaceae","Atopostipes",NA
"ASVe5e132d7dd91","Bacteria","Bacillota","Clostridia","Lachnospirales","Lachnospiraceae","Blautia","glucerasea"
"ASV0713625c4d22","Bacteria","Pseudomonadota","Gammaproteobacteria","Enterobacterales","Erwiniaceae","Erwinia","billingiae"
"ASV22be519c7427","Bacteria","Bacillota","Bacilli","Thermoactinomycetales","Thermoactinomycetaceae","Planifilum",NA
"ASV6ef79b34e1ce","Bacteria","Bacillota","Clostridia","Lachnospirales","Lachnospiraceae","[Ruminococcus] gauvreauii group",NA
"ASVea67e85149ca","Bacteria","Pseudomonadota","Gammaproteobacteria","Burkholderiales","Burkholderiaceae","Ralstonia","pickettii"
"ASVbd7cf6c10e4e","Bacteria","Actinomycetota","Actinobacteria","Euzebyales","Euzebyaceae",NA,NA
"ASV775ac8f6cf97","Bacteria","Pseudomonadota","Alphaproteobacteria","Hyphomicrobiales","Rhizobiaceae",NA,NA
"ASVb698e71dd87f","Bacteria","Pseudomonadota","Alphaproteobacteria","Micropepsales","Micropepsaceae",NA,NA
"ASV9fc4f81a4ed9","Bacteria","Bacteroidota","Bacteroidia","Chitinophagales","Chitinophagaceae","Arvibacter",NA
"ASV2b77d1d5bc3d","Bacteria","Bacillota","Bacilli","Bacillales","Bacillaceae","Bacillus","thermolactis"
"ASV7f2f58c35963","Bacteria","Pseudomonadota","Gammaproteobacteria","Burkholderiales","Burkholderiaceae",NA,NA
"ASV1896054453a1","Bacteria","Actinomycetota","Actinobacteria","Micrococcales","Microbacteriaceae","Curtobacterium",NA
"ASVba1821c420ac","Bacteria","Pseudomonadota","Alphaproteobacteria","Acetobacterales","Acetobacteraceae","Caldovatus",NA
"ASVc38e586420ff","Bacteria","Actinomycetota","Thermoleophilia","Gaiellales",NA,NA,NA
"ASVa609e4b5b6b4","Bacteria","Pseudomonadota","Gammaproteobacteria","Pseudomonadales","Moraxellaceae","Acinetobacter","johnsonii"
"ASV5b46ff9014d3","Bacteria","Pseudomonadota","Gammaproteobacteria","Burkholderiales","Comamonadaceae","Variovorax",NA
"ASV16e31896317c","Bacteria","Actinomycetota","Actinobacteria","Micrococcales","Intrasporangiaceae",NA,NA
"ASVacbbb5dcf58b","Bacteria","Cyanobacteriota","Cyanobacteriia","Cyanobacteriales","Chroococcidiopsaceae","Chroococcidiopsis SAG 2023",NA
"ASV42e28754b1f6","Bacteria","Bacteroidota","Bacteroidia","Bacteroidales","Tannerellaceae","Parabacteroides","merdae"
"ASVfc5f9dfeb13a","Bacteria","Pseudomonadota","Gammaproteobacteria","Pseudomonadales","Pseudomonadaceae","Pseudomonas",NA
"ASVbb55bd52593e","Bacteria","Pseudomonadota","Alphaproteobacteria","Hyphomicrobiales","Beijerinckiaceae","Methylobacterium","brachiatum"
"ASV306a59eeef5b","Bacteria","Planctomycetota","Phycisphaerae","Phycisphaerales","Phycisphaeraceae","SM1A02",NA
"ASVf6ef998fac8e","Bacteria","Actinomycetota","Actinobacteria","Micrococcales","Promicromonosporaceae","Promicromonospora",NA
"ASV6b19ec48f5c6","Bacteria","Pseudomonadota","Gammaproteobacteria","Methylococcales","Methylococcaceae",NA,NA
"ASVa85a097efcbd","Bacteria","Planctomycetota","Planctomycetes","Isosphaerales","Isosphaeraceae","Tautonia",NA
"ASVa92293fe2954","Bacteria","Pseudomonadota","Gammaproteobacteria","Burkholderiales","Burkholderiaceae","Pandoraea","pnomenusa"
"ASVb8f910594894","Bacteria","Actinomycetota","Actinobacteria","Propionibacteriales","Nocardioidaceae","Nocardioides",NA
"ASV2384796e7e0c","Eukaryota",NA,NA,NA,NA,NA,NA
"ASVf60e2642008d","Bacteria","Bacillota","Clostridia","Oscillospirales","Butyricicoccaceae",NA,NA
"ASVdf4de310ad72","Bacteria","Bacillota","Clostridia","Oscillospirales","[Eubacterium] coprostanoligenes group",NA,NA
"ASVd20df9fd6505","Bacteria","Pseudomonadota","Gammaproteobacteria","Burkholderiales","Rhodocyclaceae","Azospira","oryzae"
"ASVff0526b03939","Bacteria","Pseudomonadota","Alphaproteobacteria","Sphingomonadales","Sphingomonadaceae","Novosphingobium","resinovorum"
"ASV3fef5339826d","Bacteria","Bacteroidota","Bacteroidia","Bacteroidales","Tannerellaceae","Macellibacteroides",NA
"ASVff092d4a0a55","Bacteria","Bacteroidota","Bacteroidia","Flavobacteriales","Weeksellaceae","Chryseobacterium","balustinum"
"ASVfa9a99fbe52c","Bacteria","Actinomycetota","Actinobacteria","Mycobacteriales","Dietziaceae","Dietzia","psychralcaliphila"
"ASV6bb9bbf5ce81","Bacteria","Pseudomonadota","Gammaproteobacteria","Pseudomonadales","Moraxellaceae","Acinetobacter",NA
"ASVb1c1333b0a70","Bacteria","Bacillota","Bacilli","Lactobacillales","Aerococcaceae","Aerococcus","urinaeequi"
"ASV8d55cd3ff136","Bacteria","Pseudomonadota","Alphaproteobacteria","Hyphomicrobiales","Hyphomicrobiaceae",NA,NA
"ASV92d0c0bf3eb2","Bacteria","Pseudomonadota","Alphaproteobacteria","Caulobacterales","Caulobacteraceae","Brevundimonas","intermedia"
"ASVf1a274ee6796","Bacteria","Pseudomonadota","Gammaproteobacteria","EPR3968-O8a-Bc78",NA,NA,NA
"ASVcc5b5c9dcf41","Bacteria","Actinomycetota","Actinobacteria","Micrococcales","Microbacteriaceae","Microbacterium","testaceum"
"ASV3c336d95bc5f","Bacteria","Bacteroidota","Bacteroidia","Flavobacteriales","Weeksellaceae","Chryseobacterium","hispanicum"
"ASV0eae7acaa05b","Bacteria","Actinomycetota","Actinobacteria","Propionibacteriales","Nocardioidaceae","Nocardioides",NA
"ASV6ddb577783df","Bacteria","Actinomycetota","Actinobacteria","Actinomycetales","Actinomycetaceae",NA,NA
"ASV8e91035afe9b","Bacteria","Pseudomonadota","Gammaproteobacteria","Lysobacterales","Lysobacteraceae","Stenotrophomonas","acidaminiphila"
"ASVf96aa3d7b05f","Bacteria","Pseudomonadota","Gammaproteobacteria","Pseudomonadales","Moraxellaceae","Acinetobacter",NA
"ASV76331c3295af","Bacteria","Pseudomonadota","Gammaproteobacteria","Enterobacterales","Aeromonadaceae","Aeromonas",NA
"ASV6a8cb95ab826","Bacteria","Actinomycetota","Actinobacteria","Kineosporiales","Kineosporiaceae","Quadrisphaera","granulorum"
"ASV186f274af01c","Bacteria","Pseudomonadota","Gammaproteobacteria","Pseudomonadales","Cellvibrionaceae",NA,NA
"ASV93b487e37757","Bacteria","Bacteroidota","Bacteroidia","Bacteroidales","Marinifilaceae","Odoribacter","splanchnicus"
"ASV36e3dda72d25","Bacteria","Pseudomonadota","Gammaproteobacteria","Pseudomonadales","Pseudomonadaceae","Pseudomonas",NA
"ASV8676e5625a07","Bacteria","Pseudomonadota","Gammaproteobacteria","Lysobacterales","Lysobacteraceae","Lysobacter",NA
"ASV6e2bcc9501e1","Bacteria","Pseudomonadota","Alphaproteobacteria","Sphingomonadales","Sphingomonadaceae","Sphingomonas","yunnanensis"
"ASVab014c77cc24","Bacteria","Pseudomonadota","Alphaproteobacteria","Hyphomicrobiales","Devosiaceae",NA,NA
"ASV2bad342a6337","Bacteria","Planctomycetota","Planctomycetes","Pirellulales","Pirellulaceae","Pirellula",NA
"ASVf218b8aaa158","Bacteria","Actinomycetota","Actinobacteria","Streptosporangiales","Nocardiopsidaceae","Thermobifida","fusca"
"ASV5ee63c3034f9","Bacteria","Bacillota","Bacilli","Lactobacillales","Enterococcaceae","Enterococcus","faecium"
"ASVaa634510e87f","Bacteria","Bacteroidota","Bacteroidia","Flavobacteriales","Flavobacteriaceae","Flavobacterium",NA
"ASV27bac28cb99b","Bacteria","Actinomycetota","Thermoleophilia","Gaiellales","Gaiellaceae","Gaiella",NA
"ASV17bd6f7fda2a","Bacteria","Actinomycetota","Actinobacteria","Streptosporangiales","Nocardiopsidaceae","Lipingzhangella",NA
"ASV7d6267579e88","Bacteria","Pseudomonadota","Alphaproteobacteria","Hyphomicrobiales","Rhizobiaceae",NA,NA
"ASV791f39f733d2","Bacteria","Pseudomonadota","Alphaproteobacteria","Hyphomicrobiales","Devosiaceae","Devosia",NA
"ASV1b4ecfa48b98","Bacteria","Bacillota","Clostridia","Lachnospirales","Lachnospiraceae","Agathobacter",NA
"ASV6b433be15c70","Bacteria","Pseudomonadota","Gammaproteobacteria","Pseudomonadales","Moraxellaceae","Acinetobacter",NA
"ASV043a7270efc1","Bacteria","Pseudomonadota","Alphaproteobacteria","Hyphomicrobiales","Xanthobacteraceae",NA,NA
"ASVe7a14afc5c23","Bacteria","Pseudomonadota","Gammaproteobacteria","Pseudomonadales","Moraxellaceae","Psychrobacter","faecalis"
"ASVf543c696f02f","Bacteria","Bacteroidota","Bacteroidia","Bacteroidales","Bacteroidaceae","Bacteroides","graminisolvens"
"ASV39a2927a70d3","Bacteria","Actinomycetota","Actinobacteria","Frankiales","Acidothermaceae","Acidothermus",NA
"ASV8c21bf7f1db3","Bacteria","Pseudomonadota","Alphaproteobacteria","Hyphomicrobiales","Beijerinckiaceae","Bosea",NA
"ASVf7d43db671a1","Bacteria","Bacteroidota","Bacteroidia","Flavobacteriales","Flavobacteriaceae","Flavobacterium",NA
"ASV8f90c26acd48","Bacteria","Bacteroidota","Bacteroidia","Chitinophagales","Chitinophagaceae",NA,NA
"ASV3d9ef4ac0833","Bacteria","Actinomycetota","Actinobacteria","Streptosporangiales","Nocardiopsidaceae","Thermobifida","fusca"
"ASV948234d8a759","Bacteria","Pseudomonadota","Alphaproteobacteria","Sphingomonadales","Sphingomonadaceae","Sphingomonas",NA
"ASV86baaecc4ed0","Bacteria","Pseudomonadota","Alphaproteobacteria","Hyphomicrobiales","Xanthobacteraceae","Bradyrhizobium",NA
"ASVa5af922bada4","Bacteria","Pseudomonadota","Gammaproteobacteria","Pseudomonadales","Pseudomonadaceae","Pseudomonas",NA
"ASV9dff52c2a7e5","Bacteria","Pseudomonadota","Alphaproteobacteria","Sphingomonadales","Sphingomonadaceae","Sphingomonas","koreensis"
"ASVd3a858f4fad4","Bacteria","Pseudomonadota","Gammaproteobacteria","Pseudomonadales","Pseudomonadaceae","Pseudomonas",NA
"ASVcecdb9f55d85","Bacteria","Pseudomonadota","Alphaproteobacteria","Hyphomicrobiales","Beijerinckiaceae","Methylobacterium","radiotolerans"
"ASVd50eeadd518d","Bacteria","Pseudomonadota","Alphaproteobacteria","Sphingomonadales","Sphingomonadaceae","Novosphingobium",NA
"ASVfb7da8ec920f","Bacteria","Bacillota","Clostridia",NA,NA,NA,NA
"ASV1e82a94c1062","Bacteria","Actinomycetota","Thermoleophilia","Solirubrobacterales","Solirubrobacteraceae",NA,NA
"ASVb165df4665f5","Bacteria","Pseudomonadota","Gammaproteobacteria","Enterobacterales","Enterobacteriaceae",NA,NA
"ASV69e151a51496","Bacteria","Bacteroidota","Bacteroidia","Sphingobacteriales","Sphingobacteriaceae","Mucilaginibacter",NA
"ASV85db4793ad15","Bacteria","Bacillota","Bacilli","Bacillales","Bacillaceae",NA,NA
"ASV62110b97df3c","Bacteria","Cyanobacteriota","Cyanobacteriia","Cyanobacteriales","Chroococcidiopsaceae","Aliterella",NA
"ASV483ecd0dd9e5","Bacteria","Bacillota","Bacilli","Paenibacillales","Paenibacillaceae","Thermobacillus",NA
"ASV1b797d6cdaa1","Bacteria","Pseudomonadota","Alphaproteobacteria","Sphingomonadales","Sphingomonadaceae","Altererythrobacter",NA
"ASV8bc4d4f51c09","Bacteria","Actinomycetota","Actinobacteria","Micrococcales","Cellulomonadaceae","Cellulomonas",NA
"ASV2ad520b795f4","Bacteria","Pseudomonadota","Alphaproteobacteria","Sphingomonadales","Sphingomonadaceae",NA,NA
"ASV9b9164236830","Bacteria","Pseudomonadota","Alphaproteobacteria","Acetobacterales","Acetobacteraceae",NA,NA
"ASVb8ee5060a6a7","Bacteria","Bacillota","Bacilli","Bacillales","Bacillaceae",NA,NA
"ASVd48de84b4175","Bacteria","Pseudomonadota","Gammaproteobacteria","Pseudomonadales","Pseudomonadaceae","Pseudomonas",NA
"ASV427ce498be2b","Bacteria","Pseudomonadota","Alphaproteobacteria","Hyphomicrobiales","Beijerinckiaceae","Methylorubrum","extorquens"
"ASVe1bb21f11ac3","Bacteria","Bacillota","Clostridia",NA,NA,NA,NA
"ASV24008d6412be","Bacteria","Planctomycetota","Planctomycetes","Pirellulales","Pirellulaceae","Roseimaritima",NA
"ASV759474f3b42c","Bacteria","Cyanobacteriota","Cyanobacteriia","Cyanobacteriales","Chroococcidiopsaceae","Aliterella",NA
"ASV115dfb253639","Bacteria","Bacteroidota","Bacteroidia","Flavobacteriales","Flavobacteriaceae","Aequorivita",NA
"ASVae47e6a3f9b5","Bacteria","Bacteroidota","Bacteroidia","Sphingobacteriales","Sphingobacteriaceae","Parapedobacter",NA
"ASV3ab5d23894e9","Bacteria","Pseudomonadota","Gammaproteobacteria","Lysobacterales","Lysobacteraceae","Luteimonas","marina"
"ASVd82803991f2c","Bacteria","Pseudomonadota","Alphaproteobacteria","Caulobacterales","Caulobacteraceae","Brevundimonas",NA
"ASVabd410dee4d9","Bacteria","Bacillota","Bacilli","Lactobacillales","Streptococcaceae","Streptococcus",NA
"ASV59fc981dcd92","Bacteria","Pseudomonadota","Gammaproteobacteria","Enterobacterales","Enterobacteriaceae",NA,NA
"ASV8384eb52a88e","Bacteria","Pseudomonadota","Alphaproteobacteria","Hyphomicrobiales","Rhizobiaceae","Aureimonas",NA
"ASV1cf189556add","Bacteria","Bacillota","Clostridia","Oscillospirales","Ruminococcaceae","Hydrogenoanaerobacterium",NA
"ASVc7878e286330","Bacteria","Pseudomonadota","Alphaproteobacteria","Hyphomicrobiales","Xanthobacteraceae",NA,NA
"ASV859679c66e32","Bacteria","Bacillota","Bacilli","Lactobacillales","Lactobacillaceae","Lactobacillus",NA
"ASV09fda412e5a1","Bacteria","Bacteroidota","Bacteroidia","Chitinophagales","Chitinophagaceae","Edaphobaculum",NA
"ASVda3a8bc76de8","Bacteria","Pseudomonadota","Alphaproteobacteria","Caulobacterales","Caulobacteraceae","Brevundimonas","diminuta"
"ASVe5b162ca8e63","Bacteria","Actinomycetota","Actinobacteria","Streptosporangiales","Nocardiopsidaceae","Thermobifida",NA
"ASVbd674be77898","Bacteria","Bacillota","Clostridia","Lachnospirales","Lachnospiraceae","Anaerotaenia",NA
"ASV0cfd3376039b","Bacteria","Pseudomonadota","Gammaproteobacteria","Gammaproteobacteria Incertae Sedis","Unknown Family","Acidibacter",NA
"ASV416708db1464",NA,NA,NA,NA,NA,NA,NA
"ASV4cc8b7aa029f","Bacteria","Bacillota","Clostridia","Lachnospirales","Lachnospiraceae","Dorea",NA
"ASV62f01bd0ef32","Bacteria","Actinomycetota","Actinobacteria","Frankiales","Acidothermaceae","Acidothermus",NA
"ASVbd79a7ec5c97","Bacteria","Chloroflexota","Chloroflexia","Thermomicrobiales","Thermomicrobiaceae","Sphaerobacter","thermophilus"
"ASVcc19a7db4b78","Bacteria","Bacillota","Clostridia","Oscillospirales","[Eubacterium] coprostanoligenes group",NA,NA
"ASVb288de3a5726","Bacteria","Bacillota","Clostridia","Oscillospirales","Ruminococcaceae","Candidatus Soleaferrea",NA
"ASV6225f35da9d1","Bacteria","Actinomycetota","Actinobacteria","Frankiales","Geodermatophilaceae","Blastococcus",NA
"ASVe49151ac3537","Bacteria","Pseudomonadota","Gammaproteobacteria","Pseudomonadales","Pseudomonadaceae","Pseudomonas",NA
"ASVfb1eb97faeb4","Bacteria","Actinomycetota","Thermoleophilia","Solirubrobacterales","Solirubrobacteraceae","Solirubrobacter",NA
"ASV036d1605f11e","Bacteria","Pseudomonadota","Gammaproteobacteria","Pseudomonadales","Pseudomonadaceae","Pseudomonas","psychrotolerans"
"ASV4a72fe741ac5","Bacteria","Candidatus Kapabacteria","Kapabacteria","Kapabacteriales",NA,NA,NA
"ASV14322388d48b","Bacteria","Actinomycetota","Actinobacteria","Micrococcales","Micrococcaceae","Citricoccus",NA
"ASV78636eb073d6","Bacteria","Bacillota","Clostridia","Oscillospirales","Oscillospiraceae","UCG-002",NA
"ASV099497f8f001","Bacteria","Acidobacteriota","Vicinamibacteria","Vicinamibacterales","Vicinamibacteraceae",NA,NA
"ASV305c2c20fba5","Bacteria","Pseudomonadota","Alphaproteobacteria","Hyphomicrobiales","Xanthobacteraceae",NA,NA
"ASV09874a9a1db5","Bacteria","Bacteroidota","Bacteroidia","Bacteroidales","Bacteroidaceae","Bacteroides","plebeius"
"ASV8892fbe412ab","Bacteria","Pseudomonadota","Alphaproteobacteria","Hyphomicrobiales","Devosiaceae",NA,NA
"ASVc432e70caf9d","Bacteria","Pseudomonadota","Alphaproteobacteria",NA,NA,NA,NA
"ASV9831df06f13b","Bacteria","Pseudomonadota","Gammaproteobacteria","Lysobacterales","Lysobacteraceae","Pseudoxanthomonas","mexicana"
"ASVfc68d3e3f3f1","Bacteria","Pseudomonadota","Gammaproteobacteria","Pseudomonadales","Moraxellaceae","Acinetobacter",NA
"ASV0303d5524826","Bacteria","Pseudomonadota","Alphaproteobacteria","Sphingomonadales","Sphingomonadaceae","Sphingomonas","yunnanensis"
"ASVde3c21d57ba2","Bacteria","Bacteroidota","Bacteroidia","Bacteroidales","Bacteroidaceae","Bacteroides","barnesiae"
"ASV70a628ca745f","Bacteria","Actinomycetota","Actinobacteria","Mycobacteriales","Mycobacteriaceae","Mycobacterium",NA
"ASV99f9c0d92f8e","Bacteria","Actinomycetota","Actinobacteria","Propionibacteriales","Nocardioidaceae",NA,NA
"ASVe2d5ecdde32a","Bacteria","Actinomycetota","Actinobacteria","Streptosporangiales","Thermomonosporaceae","Thermostaphylospora","chromogena"
"ASV3d5e3b9a39eb","Bacteria","Pseudomonadota","Alphaproteobacteria","Sphingomonadales","Sphingomonadaceae","Sphingomonas","dokdonensis"
"ASV2a1f8cfb4f7d","Bacteria","Actinomycetota","Actinobacteria","Bifidobacteriales","Bifidobacteriaceae","Bifidobacterium",NA
"ASV88351c99a3c7","Bacteria","Actinomycetota","Actinobacteria","Streptosporangiales","Thermomonosporaceae","Actinomadura",NA
"ASVeea9d19a4fc5","Bacteria","Pseudomonadota","Gammaproteobacteria","Burkholderiales","Burkholderiaceae","Burkholderia-Caballeronia-Paraburkholderia",NA
"ASVd8cffafdb91f","Bacteria","Pseudomonadota","Alphaproteobacteria","Hyphomicrobiales","Beijerinckiaceae","Methylobacterium",NA
"ASV2cbdf596b28a","Bacteria","Actinomycetota","Actinobacteria","Mycobacteriales","Corynebacteriaceae","Corynebacterium","tuberculostearicum"
"ASV8eef86504315","Bacteria","Bacillota","Bacilli","Bacillales","Bacillaceae","Sinibacillus",NA
"ASVcd0be4f5ffce","Bacteria","Pseudomonadota","Gammaproteobacteria","Cardiobacteriales","Wohlfahrtiimonadaceae","Ignatzschineria",NA
"ASVf8cfd0889aa6",NA,NA,NA,NA,NA,NA,NA
"ASVcd00fa320d3f","Bacteria","Pseudomonadota","Gammaproteobacteria","Pseudomonadales","Pseudomonadaceae","Pseudomonas","xanthomarina"
"ASV9e367a8f1ec8","Bacteria","Actinomycetota","Acidimicrobiia","Microtrichales","Ilumatobacteraceae","Desertimonas",NA
"ASV6abd2c216b94","Bacteria","Pseudomonadota","Gammaproteobacteria","Pseudomonadales","Moraxellaceae","Moraxella",NA
"ASV22385635cf79","Bacteria","Bacillota","Bacilli","Bacillales","Bacillaceae","Bacillus",NA
"ASV0fd987737e3d","Bacteria","Bacteroidota","Bacteroidia","Chitinophagales","Chitinophagaceae","Terrimonas",NA
"ASV0adc5cc88e22","Bacteria","Pseudomonadota","Alphaproteobacteria","Sphingomonadales","Sphingomonadaceae","MN 122.2a",NA
"ASVea6a6c923769","Bacteria","Pseudomonadota","Alphaproteobacteria","Paracaedibacterales","Paracaedibacteraceae",NA,NA
"ASVfd3c6fc92338","Bacteria","Actinomycetota","Actinobacteria","Micromonosporales","Micromonosporaceae","Longispora",NA
"ASVa4464514541d","Bacteria","Pseudomonadota","Gammaproteobacteria","Lysobacterales","Lysobacteraceae","Pseudoxanthomonas",NA
"ASV145612568493","Bacteria","Pseudomonadota","Alphaproteobacteria","Hyphomicrobiales","Rhizobiaceae",NA,NA
"ASV05fbda9f115e","Bacteria","Actinomycetota","Actinobacteria","Micrococcales","Intrasporangiaceae","Knoellia",NA
"ASVf574656dda7f","Bacteria","Pseudomonadota","Gammaproteobacteria","Burkholderiales","Oxalobacteraceae","Massilia",NA
"ASV916ee863d872","Bacteria","Actinomycetota","Actinobacteria","Micrococcales","Microbacteriaceae","Microbacterium",NA
"ASV89be68d9bc2e","Bacteria","Bacteroidota","Bacteroidia","Sphingobacteriales","NS11-12 marine group",NA,NA
"ASVed132d3b28a7","Bacteria","Pseudomonadota","Gammaproteobacteria","Rickettsiellales","Rickettsiellaceae","Aquicella",NA
"ASV767a58cd2115","Bacteria","Pseudomonadota","Alphaproteobacteria","Acetobacterales","Acetobacteraceae","Roseomonas","ludipueritiae"
"ASV2de45c402e01","Bacteria","Pseudomonadota","Alphaproteobacteria","Sphingomonadales","Sphingomonadaceae","Novosphingobium","capsulatum"
"ASVf1f05f704024","Bacteria","Bacillota","Bacilli","Bacillales","Bacillaceae","Pseudogracilibacillus",NA
"ASVef00663df9a0","Bacteria","Pseudomonadota","Alphaproteobacteria","Hyphomicrobiales","Beijerinckiaceae","Methylobacterium","hispanicum"
"ASVa326a4fd3bda","Bacteria","Cyanobacteriota","Cyanobacteriia","Leptolyngbyales","Leptolyngbyaceae","Leptolyngbya PCC-6306",NA
"ASV2ad3adb581dc","Bacteria",NA,NA,NA,NA,NA,NA
"ASV1fbd5ae32c28","Bacteria","Myxococcota","Polyangiia","Polyangiales","BIrii41",NA,NA
"ASVebacab16f96f","Bacteria","Bacillota","Clostridia","Lachnospirales","Lachnospiraceae",NA,NA
"ASV1a55bb60f22c","Bacteria","Pseudomonadota","Gammaproteobacteria","Burkholderiales","Comamonadaceae",NA,NA
"ASVd7ddde3ad2fc","Bacteria","Pseudomonadota","Alphaproteobacteria","Rhodobacterales","Paracoccaceae","Paracoccus",NA
"ASVb3302bc58bf8","Bacteria","Actinomycetota","Actinobacteria","Mycobacteriales","Mycobacteriaceae","Mycobacterium","hassiacum"
"ASV360e8e120af9","Bacteria","Bacteroidota","Bacteroidia","Bacteroidales","Bacteroidaceae","Bacteroides","thetaiotaomicron"
"ASV1ceea033013e","Bacteria","Bacillota","Bacilli","Bacillales","Bacillaceae",NA,NA
"ASV77493829d213","Bacteria","Bacteroidota","Bacteroidia","Cytophagales","Cyclobacteriaceae","Lunatibacter",NA
"ASV6b3698618452","Bacteria","Pseudomonadota","Gammaproteobacteria","Burkholderiales","Rhodocyclaceae",NA,NA
"ASV5f8e1b4414d4","Bacteria",NA,NA,NA,NA,NA,NA
"ASV24fc7a552827",NA,NA,NA,NA,NA,NA,NA
"ASVba6d45588e29","Bacteria","Actinomycetota","Actinobacteria","Propionibacteriales","Nocardioidaceae","Nocardioides",NA
"ASV084394880eaf","Bacteria","Actinomycetota","Actinobacteria","Propionibacteriales","Nocardioidaceae","Marmoricola",NA
"ASV53a0e04bd476","Bacteria","Bacteroidota","Bacteroidia","Sphingobacteriales","Sphingobacteriaceae","Mucilaginibacter",NA
"ASVde765e9025ed","Bacteria","Pseudomonadota","Gammaproteobacteria","Burkholderiales","Comamonadaceae","Ramlibacter",NA
"ASVfbb0dcc58f3e","Bacteria","Bacteroidota","Bacteroidia","Sphingobacteriales","Sphingobacteriaceae","Nubsella",NA
"ASVc0b2d1ae0e7c","Bacteria","Actinomycetota","Actinobacteria","Streptosporangiales","Thermomonosporaceae",NA,NA
"ASVd197760ab8f4","Bacteria","Pseudomonadota","Gammaproteobacteria","Burkholderiales","Alcaligenaceae","Bordetella",NA
"ASV209b452a576e","Bacteria","Pseudomonadota","Alphaproteobacteria","Hyphomicrobiales","Beijerinckiaceae","Methylobacterium",NA
"ASVc6a1ee2d205c","Bacteria","Actinomycetota","Actinobacteria","Frankiales","Acidothermaceae","Acidothermus",NA
"ASV0a3a33809c33","Bacteria","Actinomycetota","Actinobacteria","Micrococcales","Cellulomonadaceae","Cellulomonas",NA
"ASV2d1ee27d2419","Bacteria","Bacillota","Bacilli","Staphylococcales","Staphylococcaceae","Staphylococcus",NA
"ASV3e788afdcb8b","Bacteria","Bacillota","Bacilli","Bacillales","Planococcaceae","Solibacillus","silvestris"
"ASV079246b304c8","Bacteria","Pseudomonadota","Gammaproteobacteria","Pseudomonadales","Pseudomonadaceae","Pseudomonas",NA
"ASVa8ac77bc677d","Bacteria","Pseudomonadota","Alphaproteobacteria","Hyphomicrobiales","Rhizobiaceae","Phyllobacterium","myrsinacearum"
"ASVb7171b58ed6c","Bacteria","Bacillota","Bacilli","Lactobacillales","Carnobacteriaceae","Atopostipes",NA
"ASV53d7dd988a40","Bacteria","Bacillota","Clostridia","Caldicoprobacterales","Caldicoprobacteraceae","Caldicoprobacter",NA
"ASV4cf5d5df9838","Bacteria","Bacillota","Bacilli","Bacillales","Bacillaceae",NA,NA
"ASV3f8add13882a","Bacteria","Bacteroidota","Bacteroidia","Sphingobacteriales","Sphingobacteriaceae","Sphingobacterium","composti"
"ASV6966a0339f0e","Bacteria","Actinomycetota","Actinobacteria","Propionibacteriales","Nocardioidaceae",NA,NA
"ASV4dc1e0178354","Bacteria","Cyanobacteriota","Cyanobacteriia","Cyanobacteriales","Chroococcidiopsaceae","Aliterella",NA
"ASV3625988011dd","Bacteria","Verrucomicrobiota","Verrucomicrobiia","Pedosphaerales","Pedosphaeraceae","ADurb.Bin063-1",NA
"ASV5193e7ceed0f","Bacteria","Actinomycetota","Actinobacteria","Frankiales","Geodermatophilaceae","Blastococcus",NA
"ASV612979916c28","Bacteria","Bacillota","Clostridia","Lachnospirales","Lachnospiraceae","Blautia",NA
"ASV5dd498e8474e","Bacteria","Actinomycetota","Actinobacteria","Propionibacteriales","Nocardioidaceae","Nocardioides","ganghwensis"
"ASV5d7329fbd7aa","Bacteria","Pseudomonadota","Gammaproteobacteria",NA,NA,NA,NA
"ASV1e100a6f4490","Bacteria","Pseudomonadota","Alphaproteobacteria","Sphingomonadales","Sphingomonadaceae","Novosphingobium",NA
"ASV483ed95d7765","Bacteria","Pseudomonadota","Gammaproteobacteria","Burkholderiales","Rhodocyclaceae","Zoogloea",NA
"ASV7c3cefb834e9","Bacteria","Bacteroidota","Bacteroidia","Sphingobacteriales","Sphingobacteriaceae","Nubsella",NA
"ASV92ff929d5ac5","Bacteria","Pseudomonadota","Alphaproteobacteria","Hyphomicrobiales","Rhizobiaceae","Neorhizobium",NA
"ASV03b723fdabec","Bacteria","Pseudomonadota","Alphaproteobacteria","Hyphomicrobiales","Rhizobiaceae","Aureimonas","frigidaquae"
"ASVacc8b8cc4825","Bacteria","Pseudomonadota","Gammaproteobacteria","Pseudomonadales","Moraxellaceae","Acinetobacter",NA
"ASV3471a332b824",NA,NA,NA,NA,NA,NA,NA
"ASV9f43c528261c","Bacteria","Pseudomonadota","Alphaproteobacteria","Hyphomicrobiales","Hyphomicrobiaceae","Filomicrobium",NA
"ASV8eb3af63d809","Bacteria","Actinomycetota","Actinobacteria","Frankiales","Geodermatophilaceae","Blastococcus",NA
"ASVbbe0d1a9ec29","Bacteria","Bacillota","Clostridia","Lachnospirales","Lachnospiraceae","Coprococcus","catus"
"ASVb277c16fbc2a","Eukaryota",NA,NA,NA,NA,NA,NA
"ASVdd5550d2ab31","Bacteria","Actinomycetota","Actinobacteria","Frankiales","Acidothermaceae","Acidothermus",NA
"ASV143bec1137bb","Bacteria","Pseudomonadota","Alphaproteobacteria","Hyphomicrobiales","Beijerinckiaceae","Enterovirga",NA
"ASVd9a3d7ccc9aa","Bacteria","Pseudomonadota","Gammaproteobacteria","Burkholderiales","Hydrogenophilaceae","Hydrogenophilus","thermoluteolus"
"ASV6da8c57718ec","Bacteria","Planctomycetota","Planctomycetes","Gemmatales","Gemmataceae",NA,NA
"ASV1ec55e5a8164","Bacteria","Pseudomonadota","Alphaproteobacteria","Hyphomicrobiales","Rhizobiaceae",NA,NA
"ASV046fffab1df1",NA,NA,NA,NA,NA,NA,NA
"ASVd1e5d162edea","Bacteria","Pseudomonadota","Alphaproteobacteria","Hyphomicrobiales","Devosiaceae","Devosia","riboflavina"
"ASVf645fb64a432","Bacteria","Bacteroidota","Bacteroidia","Flavobacteriales","Flavobacteriaceae","Flavobacterium",NA
"ASVd31df362fa1f","Bacteria","Pseudomonadota","Alphaproteobacteria","Sphingomonadales","Sphingomonadaceae","Novosphingobium","aromaticivorans"
"ASV04383d0b5571","Bacteria","Actinomycetota","Actinobacteria","Mycobacteriales","Tsukamurellaceae","Tsukamurella",NA
"ASVd88764be74fc","Bacteria","Pseudomonadota","Alphaproteobacteria","Hyphomicrobiales","Beijerinckiaceae","Methylobacterium","brachiatum"
"ASVb26adb0fd76f","Bacteria","Bacteroidota","Bacteroidia","Cytophagales","Hymenobacteraceae",NA,NA
"ASVb5c497a2e479","Bacteria","Pseudomonadota","Alphaproteobacteria","Hyphomicrobiales","Devosiaceae",NA,NA
"ASV572570073695","Bacteria","Acidobacteriota","Acidobacteriae","Terriglobales","Acidobacteriaceae (Subgroup 1)","Occallatibacter",NA
"ASV798f05c21494","Bacteria","Bacillota","Bacilli","Staphylococcales","Staphylococcaceae","Staphylococcus","saprophyticus"
"ASVf6b2cd501bd8","Bacteria","Bacteroidota","Bacteroidia","Flavobacteriales","Weeksellaceae","Chryseobacterium",NA
"ASVed47f00bd84f","Bacteria","Pseudomonadota","Alphaproteobacteria","Acetobacterales",NA,NA,NA
"ASV8a3d31dca16d","Bacteria","Bacillota","Bacilli","Lactobacillales","Streptococcaceae","Streptococcus","salivarius"
"ASV720e36c1a0bf","Bacteria","Bacteroidota","Bacteroidia","Flavobacteriales","Weeksellaceae","Chryseobacterium",NA
"ASVc42e31eb8e9d","Bacteria","Pseudomonadota","Alphaproteobacteria","Hyphomicrobiales","Rhizobiaceae","Mesorhizobium","mediterraneum"
"ASVba35e0051897","Bacteria","Bacillota","Clostridia","Peptostreptococcales-Tissierellales","Family XI","Gallicola",NA
"ASVca31253680bb","Bacteria","Actinomycetota","Thermoleophilia","Solirubrobacterales","Solirubrobacteraceae",NA,NA
"ASV9bcc92c3a939","Bacteria","Pseudomonadota","Alphaproteobacteria","Micropepsales","Micropepsaceae",NA,NA
"ASV42d15a23837c","Bacteria","Pseudomonadota","Alphaproteobacteria","Azospirillales","Azospirillaceae","Azospirillum",NA
"ASV37b58c6db376","Bacteria","Bacillota","Bacilli","Bacillales","Bacillaceae",NA,NA
"ASV076175fcde09","Bacteria","Dependentiae","Babeliae","Babeliales","Vermiphilaceae",NA,NA
"ASV83d6674bb4c2","Bacteria","Bacillota","Clostridia","Oscillospirales","Oscillospiraceae","UCG-005",NA
"ASV366485c399a3","Bacteria","Pseudomonadota","Gammaproteobacteria","Enterobacterales","Enterobacteriaceae","Enterobacter",NA
"ASV183ad818f093","Bacteria","Pseudomonadota","Gammaproteobacteria","Enterobacterales",NA,NA,NA
"ASV133dfd1ebbb7","Bacteria","Pseudomonadota","Alphaproteobacteria","Sphingomonadales","Sphingomonadaceae","Sphingomonas","koreensis"
"ASVe5dceec89a8e","Bacteria","Pseudomonadota","Alphaproteobacteria","Sphingomonadales","Sphingomonadaceae","Sphingobium","herbicidovorans"
"ASV4e1fd26a89e7","Bacteria","Bacillota","Bacilli","Bacillales","Bacillaceae",NA,NA
"ASVabd75f75556e","Bacteria","Pseudomonadota","Gammaproteobacteria","Burkholderiales","Comamonadaceae","Comamonas",NA
"ASVd5b2324865f8","Bacteria","Bacillota","Bacilli","Lactobacillales","Lactobacillaceae","Lactobacillus","acidophilus"
"ASVe1b168bce845","Bacteria","Pseudomonadota","Alphaproteobacteria","Rhodobacterales","Paracoccaceae","Cypionkella",NA
"ASV21957c6e0bd6","Bacteria","Pseudomonadota","Gammaproteobacteria","Enterobacterales",NA,NA,NA
"ASV1a79589b5cca","Bacteria","Bacillota","Bacilli","Bacillales","Bacillaceae","Peribacillus",NA
"ASVc406b0007dc5","Bacteria","Bacillota","Bacilli","Lactobacillales","Lactobacillaceae","Lactiplantibacillus",NA
"ASVde625b68d681","Bacteria","Pseudomonadota","Alphaproteobacteria","Hyphomicrobiales","Beijerinckiaceae","Methylobacterium",NA
"ASVe5f262b4b2e1","Bacteria","Bacteroidota","Bacteroidia","Cytophagales","Spirosomataceae",NA,NA
"ASV6b502bbd2e2d","Bacteria","Actinomycetota","Actinobacteria","Mycobacteriales","Mycobacteriaceae","Mycobacterium","abscessus"
"ASVd6a8a619f437","Bacteria","Pseudomonadota","Gammaproteobacteria","Pseudomonadales","Moraxellaceae","Psychrobacter",NA
"ASV1aae5c9490ef","Bacteria","Bacillota","Clostridia","Incertae Sedis","Incertae Sedis","Lutispora",NA
"ASV1c9ec3495e8c","Bacteria","Pseudomonadota","Alphaproteobacteria","Caulobacterales","Caulobacteraceae","Brevundimonas",NA
"ASV5a7f82ca52fc","Bacteria","Pseudomonadota","Gammaproteobacteria","Burkholderiales","Comamonadaceae","Acidovorax",NA
"ASVfbf2f468c953","Bacteria","Pseudomonadota","Gammaproteobacteria","Burkholderiales","Burkholderiaceae","Ralstonia","pickettii"
"ASV70c85929afda","Bacteria","Actinomycetota","Actinobacteria","Propionibacteriales","Nocardioidaceae","Nocardioides","lentus"
"ASV9c8c703793f9","Bacteria","Pseudomonadota","Alphaproteobacteria","Hyphomicrobiales","Xanthobacteraceae","Rhodopseudomonas",NA
"ASV5f1b5ac20366","Bacteria","Bacillota","Bacilli","Lactobacillales","Lactobacillaceae","Limosilactobacillus",NA
"ASV8f59797ccf93","Bacteria","Pseudomonadota","Gammaproteobacteria","Burkholderiales","TRA3-20",NA,NA
"ASVe8f536dc634e","Bacteria","Pseudomonadota","Alphaproteobacteria","Hyphomicrobiales","Beijerinckiaceae","Methylobacterium","radiotolerans"
"ASV39b8c8e7097f",NA,NA,NA,NA,NA,NA,NA
"ASVe2d71f5c6235","Bacteria","Bacillota","Bacilli","Lactobacillales","Streptococcaceae","Streptococcus","dysgalactiae"
"ASV0bcc1fe836fa","Bacteria","Pseudomonadota","Alphaproteobacteria","Sphingomonadales","Sphingomonadaceae","Sphingomonas",NA
"ASVea361709a29d","Bacteria","Planctomycetota","Phycisphaerae","Phycisphaerales","Phycisphaeraceae","SM1A02",NA
"ASV33cc069e137b","Bacteria","Bacillota","Clostridia",NA,NA,NA,NA
"ASVcde8ff752ea2","Bacteria","Actinomycetota","Actinobacteria","Frankiales","Geodermatophilaceae",NA,NA
"ASVffc3f1163f92","Bacteria","Bacillota","Bacilli","Lactobacillales","Lactobacillaceae","Leuconostoc","lactis"
"ASV15d3af446d65","Bacteria","Pseudomonadota","Gammaproteobacteria","Burkholderiales","Oxalobacteraceae","Herbaspirillum","huttiense"
"ASVee781da7ec93","Bacteria","Verrucomicrobiota","Verrucomicrobiia","Verrucomicrobiales","Rubritaleaceae","Luteolibacter",NA
"ASVdfe98a111cdc","Bacteria","Pseudomonadota","Alphaproteobacteria","Acetobacterales","Acetobacteraceae","Rhodovarius",NA
"ASVbdf57ff545b4","Bacteria","Actinomycetota","Actinobacteria","Bifidobacteriales","Bifidobacteriaceae","Bifidobacterium","adolescentis"
"ASV564cd25ad8b4","Bacteria","Actinomycetota","Actinobacteria","Micrococcales","Bogoriellaceae","Georgenia",NA
"ASV4420527a8bdd","Bacteria","Pseudomonadota","Gammaproteobacteria","Burkholderiales","Burkholderiaceae","Burkholderia-Caballeronia-Paraburkholderia","pseudomallei"
"ASVf1f063fc45f8","Bacteria","Pseudomonadota","Alphaproteobacteria","Sphingomonadales","Sphingomonadaceae","Croceibacterium",NA
"ASV69d7cd91b4c3","Bacteria","Acidobacteriota","Blastocatellia","Pyrinomonadales","Pyrinomonadaceae",NA,NA
"ASVa84c3946b384","Bacteria","Pseudomonadota","Gammaproteobacteria","Pseudomonadales","Pseudomonadaceae","Pseudomonas","resinovorans"
"ASVde7bfb8856f1","Bacteria","Pseudomonadota","Gammaproteobacteria","Lysobacterales","Lysobacteraceae","Pseudoxanthomonas","indica"
"ASVfd81bb62c0d2","Bacteria","Pseudomonadota","Alphaproteobacteria","Caulobacterales","Caulobacteraceae","Brevundimonas",NA
"ASV5bca2dd5c9fb","Bacteria","Pseudomonadota","Gammaproteobacteria","Burkholderiales","Comamonadaceae","Variovorax",NA
"ASVc0b4e95ffc33","Bacteria","Planctomycetota","Phycisphaerae","Tepidisphaerales","WD2101 soil group",NA,NA
"ASV91b6770bdc19","Bacteria","Patescibacteria","Saccharimonadia","Saccharimonadales","Saccharimonadaceae","TM7a",NA
"ASVed5181352487","Bacteria","Bacteroidota","Bacteroidia","Flavobacteriales","Weeksellaceae","Chryseobacterium","hominis"
"ASVb7ec5ffe6b0e","Bacteria","Pseudomonadota","Gammaproteobacteria","Burkholderiales","Comamonadaceae","Variovorax",NA
"ASV958e1bfa764e","Bacteria","Bacillota","Clostridia","Peptostreptococcales-Tissierellales","Family XI","Anaerococcus",NA
"ASVdeebc03d61bd","Bacteria","Bacillota","Bacilli","Bacillales","Bacillaceae","Cerasibacillus",NA
"ASV3b2c77808762","Bacteria","Pseudomonadota","Alphaproteobacteria","Hyphomicrobiales","Rhizobiaceae",NA,NA
"ASVcb7e2cf12e10","Bacteria","Pseudomonadota","Gammaproteobacteria","Burkholderiales","Comamonadaceae",NA,NA
"ASVe72d714f0dba","Bacteria","Pseudomonadota","Gammaproteobacteria","Enterobacterales","Hafniaceae","Hafnia-Obesumbacterium","alvei"
"ASV4b5f5efd71f8","Bacteria","Bacteroidota","Bacteroidia","Flavobacteriales","Weeksellaceae","Chryseobacterium","camelliae"
"ASVaec9a3bda6dc","Bacteria","Bacteroidota","Bacteroidia","Cytophagales","Spirosomataceae","Arsenicibacter",NA
"ASVa6592f8c894f","Bacteria","Pseudomonadota","Gammaproteobacteria","Pseudomonadales","Moraxellaceae","Psychrobacter","faecalis"
"ASVb66c17c18d12","Bacteria","Actinomycetota","Actinobacteria","Streptosporangiales","Streptosporangiaceae","Thermopolyspora",NA
"ASV0cb5dba846ce","Bacteria","Pseudomonadota","Gammaproteobacteria","Burkholderiales",NA,NA,NA
"ASV158a02e030ae","Bacteria","Pseudomonadota","Gammaproteobacteria","Burkholderiales","Rhodocyclaceae","Thauera",NA
"ASV2d526cc6f013","Bacteria","Pseudomonadota","Alphaproteobacteria","Sphingomonadales","Sphingomonadaceae","Sphingomonas","koreensis"
"ASV405965d7f33b","Bacteria","Bacillota","Bacilli","Lactobacillales","Carnobacteriaceae","Granulicatella",NA
"ASVe02146ff091f","Bacteria","Pseudomonadota","Alphaproteobacteria","Sphingomonadales","Sphingomonadaceae","Sphingomonas",NA
"ASVb6467e7e5d6c","Bacteria","Pseudomonadota","Gammaproteobacteria","Burkholderiales","Neisseriaceae","Neisseria","mucosa"
"ASV0f6de6edfc01","Bacteria","Pseudomonadota","Gammaproteobacteria","Pseudomonadales","Pseudomonadaceae","Pseudomonas",NA
"ASVa0458d87a820","Bacteria","Pseudomonadota","Alphaproteobacteria","Rhodobacterales","Paracoccaceae","Paracoccus",NA
"ASV6b007561bcc4","Bacteria","Pseudomonadota","Gammaproteobacteria","Pseudomonadales","Pseudomonadaceae","Pseudomonas",NA
"ASV7358f5d1dbe3","Bacteria","Actinomycetota","Actinobacteria","Mycobacteriales","Nocardiaceae","Rhodococcus","degradans"
"ASV0ceaa8d53258","Bacteria","Pseudomonadota","Alphaproteobacteria","Acetobacterales","Acetobacteraceae","Roseomonas","gilardii"
"ASVfcc6dbf31377","Bacteria","Pseudomonadota","Alphaproteobacteria","Sphingomonadales","Sphingomonadaceae","Sphingomonas","phyllosphaerae"
"ASVbfcf356e88fe","Bacteria",NA,NA,NA,NA,NA,NA
"ASVf00294149ca1","Bacteria","Pseudomonadota","Gammaproteobacteria","Burkholderiales","Comamonadaceae",NA,NA
"ASV6996868bd4e0","Bacteria","Pseudomonadota","Gammaproteobacteria","Burkholderiales","SC-I-84",NA,NA
"ASVba4e574a0bdc","Bacteria","Pseudomonadota","Alphaproteobacteria","Acetobacterales","Acetobacteraceae",NA,NA
"ASV1a1e3334285d","Bacteria","Pseudomonadota","Gammaproteobacteria","Pseudomonadales","Moraxellaceae","Acinetobacter",NA
"ASV18c5ff0346b1","Bacteria","Pseudomonadota","Gammaproteobacteria","Burkholderiales","Comamonadaceae",NA,NA
"ASVc564bafff23d","Bacteria","Pseudomonadota","Gammaproteobacteria","Enterobacterales","Aeromonadaceae","Aeromonas",NA
"ASV1fff115dd8ec","Bacteria","Pseudomonadota","Alphaproteobacteria","Sphingomonadales","Sphingomonadaceae","Sphingomonas","paucimobilis"
"ASV5acb7cfb8335","Bacteria","Pseudomonadota","Gammaproteobacteria","Pseudomonadales","Pseudomonadaceae","Pseudomonas",NA
"ASV392fef84a11b","Bacteria","Pseudomonadota","Gammaproteobacteria","Pseudomonadales","Pseudomonadaceae","Pseudomonas",NA
"ASVa60bab9df21e",NA,NA,NA,NA,NA,NA,NA
"ASV5b661df38fba","Bacteria","Actinomycetota","Actinobacteria","Mycobacteriales","Nocardiaceae","Rhodococcus","erythropolis"
"ASVf3d5a6cb621a","Bacteria","Actinomycetota","Actinobacteria","Micrococcales","Microbacteriaceae","Leucobacter",NA
"ASV8b5e46be16a5","Bacteria","Actinomycetota","Thermoleophilia",NA,NA,NA,NA
"ASVbd5432558ccf","Bacteria","Bacillota","Clostridia","Peptostreptococcales-Tissierellales","Family XI","Anaerococcus",NA
"ASV50feebbd2633","Bacteria","Pseudomonadota","Gammaproteobacteria","Burkholderiales","Rhodocyclaceae","Zoogloea",NA
"ASV40f4937b73ec","Bacteria","Synergistota","Synergistia","Synergistales","Synergistaceae",NA,NA
"ASVe2ecc755435a","Bacteria","Bacillota","Bacilli","Bacillales","Bacillaceae","Pseudogracilibacillus",NA
"ASV1123d2b27633","Bacteria","Pseudomonadota","Alphaproteobacteria","Sphingomonadales","Sphingomonadaceae","Sphingomonas",NA
"ASVd8cb2171bfc9","Bacteria","Pseudomonadota","Gammaproteobacteria","Lysobacterales","Lysobacteraceae","Stenotrophomonas","maltophilia"
"ASVcb0ad078f0a5","Bacteria","Bacillota","Bacilli","Exiguobacterales","Exiguobacteraceae","Exiguobacterium","acetylicum"
"ASV52f404455e08","Bacteria","Pseudomonadota","Gammaproteobacteria",NA,NA,NA,NA
"ASV14456ded91ec","Bacteria","Bacteroidota","Bacteroidia","Cytophagales","Cyclobacteriaceae",NA,NA
"ASV90349449d3b6","Bacteria","Acidobacteriota","Acidobacteriae","Terriglobales",NA,NA,NA
"ASV8d36d095c6ed","Bacteria","Pseudomonadota","Gammaproteobacteria","Pseudomonadales","Moraxellaceae","Acinetobacter",NA
"ASVfe2a305347f8","Bacteria","Bacteroidota","Bacteroidia","Flavobacteriales","Flavobacteriaceae","Salinimicrobium",NA
"ASV72309f1e3847","Bacteria","Bacillota","Bacilli","Lactobacillales","Lactobacillaceae","Lactobacillus",NA
"ASVb3fbe7d03f79","Bacteria","Bacteroidota","Bacteroidia","Flavobacteriales","NS9 marine group",NA,NA
"ASV156a45570128","Bacteria","Actinomycetota","Actinobacteria","Micrococcales","Microbacteriaceae",NA,NA
"ASV31349ae48e06","Bacteria","Pseudomonadota","Alphaproteobacteria","Hyphomicrobiales","Devosiaceae",NA,NA
"ASVa44791a7f3c6","Bacteria","Acidobacteriota","Acidobacteriae","Bryobacterales","Bryobacteraceae","Bryobacter",NA
"ASV2080005a68f4","Bacteria","Bacteroidota","Bacteroidia","Bacteroidales","Dysgonomonadaceae","Petrimonas",NA
"ASV7399b819edc6","Bacteria","Pseudomonadota","Alphaproteobacteria","Hyphomicrobiales","Devosiaceae","Devosia",NA
"ASV31b7cd3ba721","Bacteria","Bacteroidota","Bacteroidia","Cytophagales","Cyclobacteriaceae","Lunatibacter",NA
"ASV4d86653e5050","Bacteria","Pseudomonadota","Gammaproteobacteria","Burkholderiales","Comamonadaceae","Comamonas","testosteroni"
"ASV38eb0dc7972e","Bacteria","Pseudomonadota","Gammaproteobacteria","Pseudomonadales","Pseudomonadaceae","Pseudomonas",NA
"ASVc7dbabf90894","Bacteria","Bacteroidota","Bacteroidia","Flavobacteriales","Weeksellaceae","Chryseobacterium",NA
"ASV367f632f5595","Bacteria","Patescibacteria","Saccharimonadia","Saccharimonadales","WWH38",NA,NA
"ASV3cc98f9fe1f7","Bacteria","Pseudomonadota","Gammaproteobacteria","Burkholderiales","Comamonadaceae","Comamonas","aquatica"
"ASVcc9ab19bce0d","Bacteria","Pseudomonadota","Alphaproteobacteria","Sphingomonadales","Sphingomonadaceae","Sphingomonas","paucimobilis"
"ASV44ad646db405","Bacteria","Pseudomonadota","Gammaproteobacteria","Lysobacterales","Lysobacteraceae","Stenotrophomonas","maltophilia"
"ASVb5e42558814d","Bacteria","Pseudomonadota","Gammaproteobacteria","Burkholderiales","Burkholderiaceae","Ralstonia",NA
"ASV887693d09699","Bacteria","Pseudomonadota","Gammaproteobacteria","Burkholderiales","Burkholderiaceae","Ralstonia","pickettii"
"ASVdb078d1a66c3","Bacteria","Cyanobacteriota","Cyanobacteriia","Chloroplast",NA,NA,NA
"ASV3ba1ea4b1002","Bacteria","Bacteroidota","Bacteroidia","Chitinophagales","Chitinophagaceae","Niabella","ginsengisoli"
"ASV4ceb89eb44da","Bacteria","Bacteroidota","Bacteroidia","Flavobacteriales","Flavobacteriaceae","Flavobacterium","akiainvivens"
"ASV17ac50376603","Bacteria","Actinomycetota","Actinobacteria","Frankiales","Geodermatophilaceae","Klenkia",NA
"ASVb5bdf2c6cabf","Bacteria","Actinomycetota","Thermoleophilia","Solirubrobacterales","Solirubrobacteraceae","Patulibacter",NA
"ASVcdc502cb842c","Bacteria","Pseudomonadota","Gammaproteobacteria","Pseudomonadales","Moraxellaceae","Enhydrobacter",NA
"ASV56c6e201cd39","Bacteria","Pseudomonadota","Alphaproteobacteria","Reyranellales","Reyranellaceae","Reyranella",NA
"ASVcf97d2af3916","Bacteria","Pseudomonadota","Alphaproteobacteria","Hyphomicrobiales","Beijerinckiaceae",NA,NA
"ASVab179522505d","Bacteria","Pseudomonadota","Alphaproteobacteria","Hyphomicrobiales","Rhizobiaceae","Brucella",NA
"ASV1b0e2bc4c808",NA,NA,NA,NA,NA,NA,NA
"ASV0ffcad65749a","Bacteria","Actinomycetota","Actinobacteria","Frankiales",NA,NA,NA
"ASV44cf382fe3cc","Bacteria","Bacteroidota","Bacteroidia","Bacteroidales","Bacteroidaceae","Bacteroides","propionicifaciens"
"ASV34e885aee1b0","Bacteria","Bacillota","Limnochordia","M55-D21",NA,NA,NA
"ASVafe63fa10612","Bacteria","Bacillota","Clostridia","Peptostreptococcales-Tissierellales","Family XI","Tepidimicrobium",NA
"ASV11fdda39474e","Bacteria","Pseudomonadota","Gammaproteobacteria","Burkholderiales","Rhodocyclaceae","Zoogloea","oryzae"
"ASV339235fe1324","Bacteria","Acidobacteriota","Acidobacteriae","Bryobacterales","Bryobacteraceae","Bryobacter",NA
"ASV4b01e645efab","Bacteria","Acidobacteriota","Vicinamibacteria","Vicinamibacterales",NA,NA,NA
"ASV38d6b7a49760","Bacteria","Pseudomonadota","Alphaproteobacteria","Reyranellales","Reyranellaceae","Reyranella",NA
"ASV0d6db83dda11","Bacteria","Pseudomonadota","Gammaproteobacteria","Pseudomonadales","Moraxellaceae","Acinetobacter",NA
"ASV2aef9b619473","Bacteria","Actinomycetota","Actinobacteria","Propionibacteriales","Nocardioidaceae","Nocardioides",NA
"ASV2d0e838bfa88","Bacteria","Actinomycetota","Actinobacteria","Mycobacteriales","Corynebacteriaceae","Corynebacterium","matruchotii"
"ASVa3d5d207bd96","Bacteria","Actinomycetota","Actinobacteria","Micrococcales","Microbacteriaceae","Microbacterium",NA
"ASV1b874bbf7e12","Bacteria","Pseudomonadota","Alphaproteobacteria","Hyphomicrobiales","Beijerinckiaceae","Methylobacterium","currus"
"ASV7bd70a4c79c0","Bacteria","Actinomycetota","Actinobacteria","Mycobacteriales","Corynebacteriaceae","Corynebacterium","tuberculostearicum"
"ASVe58da38a84fb","Bacteria","Pseudomonadota","Alphaproteobacteria","Caulobacterales","Caulobacteraceae",NA,NA
"ASVd4eee319e676",NA,NA,NA,NA,NA,NA,NA
"ASV91dd9b8f9079","Bacteria","Bacillota","Bacilli","Thermoactinomycetales","Thermoactinomycetaceae","Planifilum",NA
"ASV060afceccda5","Bacteria","Bdellovibrionota","Oligoflexia","0319-6G20",NA,NA,NA
"ASV5ec45451e0de","Bacteria","Bacillota","Clostridia","Lachnospirales","Lachnospiraceae","Dorea","longicatena"
"ASVa8cffdc37b23","Bacteria","Bacteroidota","Bacteroidia","Bacteroidales","Bacteroidaceae","Bacteroides",NA
"ASV1a9b329f9c35","Bacteria","Pseudomonadota","Alphaproteobacteria","Hyphomicrobiales","Devosiaceae","Devosia","riboflavina"
"ASVf047fedf040e","Bacteria","Chloroflexota","AD3",NA,NA,NA,NA
"ASVe50a24c7d7f7","Bacteria","Bacteroidota","Bacteroidia","Flavobacteriales","Cryomorphaceae","Vicingus",NA
"ASV00322178b859","Bacteria","Bacillota","Bacilli","Bacillales","Bacillaceae","Bacillus","beringensis"
"ASVa7eb5e0e5161","Bacteria","Actinomycetota","Actinobacteria","Mycobacteriales","Corynebacteriaceae","Lawsonella","clevelandensis"
"ASV066d8ced912d","Bacteria","Pseudomonadota","Gammaproteobacteria","Pseudomonadales","Moraxellaceae","Acinetobacter",NA
"ASV2149a5625bc4","Bacteria","Actinomycetota","Actinobacteria","Mycobacteriales","Mycobacteriaceae","Mycobacterium","abscessus"
"ASV83703c2db754","Bacteria","Pseudomonadota","Alphaproteobacteria","Caulobacterales","Caulobacteraceae","Brevundimonas",NA
"ASV2cfdb0123c83","Bacteria","Actinomycetota","Actinobacteria","Mycobacteriales","Mycobacteriaceae","Mycobacterium",NA
"ASVd630542db26f","Bacteria","Pseudomonadota","Alphaproteobacteria","Hyphomicrobiales","Devosiaceae","Devosia",NA
"ASV8089859f7bce","Bacteria","Pseudomonadota","Alphaproteobacteria","Sphingomonadales","Sphingomonadaceae","Sphingomonas","paucimobilis"
"ASVda36dbbb9bce","Bacteria","Pseudomonadota","Gammaproteobacteria","Burkholderiales","Comamonadaceae",NA,NA
"ASV44f11e7aba36","Bacteria","Pseudomonadota","Gammaproteobacteria","Lysobacterales","Lysobacteraceae","Lysobacter",NA
"ASV841e1c768811","Bacteria","Pseudomonadota","Gammaproteobacteria","Burkholderiales","Comamonadaceae",NA,NA
"ASVca40366666df","Bacteria","Pseudomonadota","Alphaproteobacteria","Sphingomonadales","Sphingomonadaceae","Sphingomonas","paucimobilis"
"ASVd4a0df015eb8","Bacteria","Pseudomonadota","Gammaproteobacteria","Burkholderiales","Comamonadaceae","Acidovorax",NA
"ASV13c103ec4d9a","Bacteria","Cyanobacteriota","Cyanobacteriia","Leptolyngbyales","Leptolyngbyaceae","Leptolyngbya",NA
"ASVa098e6895304","Bacteria","Bacteroidota","Bacteroidia","Flavobacteriales","Weeksellaceae","Empedobacter","brevis"
"ASV0590c68c889e","Bacteria","Pseudomonadota","Alphaproteobacteria","Hyphomicrobiales","Beijerinckiaceae","Lichenibacterium",NA
"ASVe5ba5017014a","Bacteria","Cyanobacteriota","Cyanobacteriia","Chloroplast",NA,NA,NA
"ASVdf89de6d1594","Bacteria","Gemmatimonadota","Gemmatimonadia","Gemmatimonadales","Gemmatimonadaceae",NA,NA
"ASV9b8b14c59810","Bacteria","Bacteroidota","Bacteroidia","Flavobacteriales","Flavobacteriaceae","Flavobacterium","lindanitolerans"
"ASVd35ba80064da","Bacteria","Pseudomonadota","Gammaproteobacteria","Burkholderiales","Rhodocyclaceae",NA,NA
"ASVbeb2649a58b2","Bacteria","Actinomycetota","Actinobacteria","Actinomycetales","Actinomycetaceae","Actinomyces","naeslundii"
"ASV93aa6b1681a4","Bacteria","Pseudomonadota","Gammaproteobacteria","Burkholderiales","Burkholderiaceae","Cupriavidus","metallidurans"
"ASV11cc36cbed1e","Bacteria","Pseudomonadota","Alphaproteobacteria","Hyphomicrobiales","Rhizobiaceae",NA,NA
"ASV872894fb4691","Bacteria","Pseudomonadota","Gammaproteobacteria","Pseudomonadales","Pseudomonadaceae","Pseudomonas",NA
"ASVebb41446b131","Bacteria","Pseudomonadota","Gammaproteobacteria","Burkholderiales","Rhodocyclaceae","Pseudazoarcus",NA
"ASV7ddae5d142b2","Bacteria","Pseudomonadota","Alphaproteobacteria","Rhodobacterales","Paracoccaceae","Amaricoccus",NA
"ASV8d99859ff1b7","Bacteria","Pseudomonadota","Gammaproteobacteria","Pseudomonadales","Pseudomonadaceae","Pseudomonas",NA
"ASV418e1dcaa161","Bacteria","Pseudomonadota","Alphaproteobacteria","Hyphomicrobiales","Xanthobacteraceae","Bradyrhizobium",NA
"ASV5ba51f2c7458","Archaea","Thermoproteota","Nitrososphaeria","Nitrososphaerales","Nitrososphaeraceae",NA,NA
"ASVbbaf36e8db55","Bacteria","Pseudomonadota","Alphaproteobacteria","Hyphomicrobiales","Beijerinckiaceae","Methylobacterium",NA
"ASVff4be3eaba48","Bacteria","Pseudomonadota","Gammaproteobacteria","Burkholderiales","Oxalobacteraceae","Massilia",NA
"ASV77380c8e244a","Bacteria","Pseudomonadota","Gammaproteobacteria","Burkholderiales","Comamonadaceae","Variovorax",NA
"ASV8406d8a4a621","Bacteria","Pseudomonadota","Alphaproteobacteria","Reyranellales","Reyranellaceae","Reyranella",NA
"ASV10d4c66c423a","Bacteria","Pseudomonadota","Gammaproteobacteria","Burkholderiales","Comamonadaceae","Aquabacterium","citratiphilum"
"ASV1bd07ac1a76c","Eukaryota",NA,NA,NA,NA,NA,NA
"ASV4e1b9473cf54","Bacteria","Pseudomonadota","Gammaproteobacteria","Lysobacterales","Rhodanobacteraceae","Dyella",NA
"ASVcf0ba155eabb","Bacteria","Planctomycetota","Phycisphaerae","Phycisphaerales","Phycisphaeraceae","SM1A02",NA
"ASV834483699d4b","Bacteria","Pseudomonadota","Gammaproteobacteria","Steroidobacterales","Steroidobacteraceae","Steroidobacter",NA
"ASV5c74669eef3a","Bacteria","Bacillota","Clostridia","Oscillospirales","Ruminococcaceae","Faecalibacterium",NA
"ASV8542f4271e19","Bacteria","Actinomycetota","Actinobacteria","Mycobacteriales","Nocardiaceae","Rhodococcus","qingshengii"
"ASVa147b46374cd","Bacteria","Actinomycetota","Actinobacteria","Micrococcales","Dermacoccaceae","Dermacoccus","nishinomiyaensis"
"ASV7bf13a780ee5","Bacteria","Pseudomonadota","Gammaproteobacteria","Burkholderiales","Rhodocyclaceae","Denitratisoma",NA
"ASV11e8afb525e2","Bacteria","Spirochaetota","Spirochaetia","Spirochaetales","Spirochaetaceae","Treponema",NA
"ASV9b3d881cd832","Bacteria","Planctomycetota","Phycisphaerae","Tepidisphaerales",NA,NA,NA
"ASV06bbdc5197c7","Bacteria","Pseudomonadota","Alphaproteobacteria","Elsterales",NA,NA,NA
"ASV31e7e53ced64","Bacteria","Pseudomonadota","Alphaproteobacteria","Hyphomicrobiales","Xanthobacteraceae","Bradyrhizobium","elkanii"
"ASVd47f622744dc",NA,NA,NA,NA,NA,NA,NA
"ASV339037bcdc4c","Bacteria","Pseudomonadota","Gammaproteobacteria","Burkholderiales","Rhodocyclaceae",NA,NA
"ASV42b5dd9efd5b","Bacteria","Actinomycetota","Actinobacteria","Micrococcales","Micrococcaceae","Nesterenkonia",NA
"ASVca5efb7c6cba","Bacteria","Bacillota","Clostridia","Lachnospirales",NA,NA,NA
"ASV408801046e83","Bacteria","Chloroflexota","Chloroflexia","Thermomicrobiales","JG30-KF-CM45",NA,NA
"ASVc2493c8aa1a4","Bacteria","Bacillota","Clostridia","Caldicoprobacterales","Caldicoprobacteraceae","Caldicoprobacter",NA
"ASVad6b1357dffb","Bacteria","Bacillota","Clostridia","Lachnospirales","Defluviitaleaceae","Defluviitalea",NA
"ASVcbd32032c57a","Bacteria","Pseudomonadota","Alphaproteobacteria","Dongiales","Dongiaceae","Dongia",NA
"ASVb0f1ec355984","Bacteria","Actinomycetota","Actinobacteria","Mycobacteriales","Nocardiaceae","Rhodococcus","qingshengii"
"ASV4bdc131338d1","Bacteria","Pseudomonadota","Gammaproteobacteria","Lysobacterales","Lysobacteraceae","Thermomonas",NA
"ASV6b4bd691ee7d","Bacteria","Pseudomonadota","Alphaproteobacteria","Sphingomonadales","Sphingomonadaceae","Novosphingobium",NA
"ASV0d79ae8ce3f6","Bacteria","Pseudomonadota","Alphaproteobacteria","Acetobacterales","Acetobacteraceae","Acidiphilium",NA
"ASV8ce12481cf97","Bacteria","Pseudomonadota","Gammaproteobacteria","Burkholderiales","Comamonadaceae","Variovorax",NA
"ASV7887943ffb73","Bacteria","Pseudomonadota","Alphaproteobacteria",NA,NA,NA,NA
"ASV884e168df084","Bacteria","Acidobacteriota","Blastocatellia","Pyrinomonadales","Pyrinomonadaceae","RB41",NA
"ASV1f62117899b5","Bacteria","Pseudomonadota","Alphaproteobacteria","Rhodospirillales","Magnetospirillaceae","Magnetospirillum","moscoviense"
"ASV3c883aa215c5","Bacteria",NA,NA,NA,NA,NA,NA
"ASV91fac814b848","Bacteria","Pseudomonadota","Alphaproteobacteria","Hyphomicrobiales","Methyloligellaceae",NA,NA
"ASV1bc7a0b36e40",NA,NA,NA,NA,NA,NA,NA
"ASV8d6687446676","Bacteria","Actinomycetota","Actinobacteria","Mycobacteriales","Mycobacteriaceae","Mycobacterium",NA
"ASV608c326c0ebd","Bacteria","Chloroflexota","Chloroflexia","Thermomicrobiales","JG30-KF-CM45",NA,NA
"ASVf6437e4dde97","Archaea","Halobacteriota","Methanosarcinia","Methanosarcinales","Methanosarcinaceae","Methanosarcina",NA
"ASVe6fcf0f86a7c","Bacteria","Bacillota","Bacilli","Lactobacillales","Lactobacillaceae",NA,NA
"ASV943256cacb8c","Bacteria","Planctomycetota","Planctomycetes","Pirellulales","Pirellulaceae","Pir4 lineage",NA
"ASV514a053f648b","Bacteria","Pseudomonadota","Alphaproteobacteria","Sphingomonadales","Sphingomonadaceae","Sphingopyxis","macrogoltabida"
"ASV85aa93291469","Bacteria","Actinomycetota","Thermoleophilia","Gaiellales","Gaiellaceae","Gaiella",NA
"ASV5c355e1f5fba","Bacteria","Fusobacteriota","Fusobacteriia","Fusobacteriales","Leptotrichiaceae","Pseudoleptotrichia",NA
"ASV3cfd4301fca2","Bacteria","Acidobacteriota","Vicinamibacteria","Vicinamibacterales","Vicinamibacteraceae",NA,NA
"ASV318cff651399",NA,NA,NA,NA,NA,NA,NA
"ASV4045e9eee9d5","Bacteria","Pseudomonadota","Alphaproteobacteria","Sphingomonadales","Sphingomonadaceae","Croceicoccus",NA
"ASV656faa4df653","Bacteria","Pseudomonadota","Alphaproteobacteria","Sneathiellales","Sneathiellaceae","Taonella","mepensis"
"ASVd561c1a97dff","Bacteria","Bacteroidota","Bacteroidia","Flavobacteriales","Flavobacteriaceae","Flavobacterium",NA
"ASV7a05c4ddc199","Bacteria","Acidobacteriota","Vicinamibacteria","Vicinamibacterales",NA,NA,NA
"ASVb3bb5bcd375e","Bacteria","Pseudomonadota","Alphaproteobacteria","Hyphomicrobiales","Rhizobiaceae","Pararhizobium","herbae"
"ASV688d94d0405c","Bacteria","Pseudomonadota","Alphaproteobacteria","Rhodobacterales","Paracoccaceae","Paracoccus",NA
"ASV4262f151d609","Bacteria","Bacillota","Clostridia","Lachnospirales","Lachnospiraceae","A2",NA
"ASV94b168c30afb","Bacteria","Armatimonadota","Fimbriimonadia","Fimbriimonadales","Fimbriimonadaceae",NA,NA
"ASV9c227475371f",NA,NA,NA,NA,NA,NA,NA
"ASVd34ab751ba54","Bacteria","Actinomycetota","Thermoleophilia","Solirubrobacterales","67-14",NA,NA
"ASV67c4095ab279","Bacteria","Pseudomonadota","Gammaproteobacteria","Burkholderiales","Comamonadaceae",NA,NA
"ASVc9b91f9602be","Bacteria","Pseudomonadota","Alphaproteobacteria","Hyphomicrobiales","Rhizobiaceae","Rhizobium","cellulosilyticum"
"ASVe97b7a2a4f44","Bacteria","Pseudomonadota","Alphaproteobacteria","Hyphomicrobiales","Rhizobiaceae","Pararhizobium",NA
"ASV51d1c097f03b","Bacteria","Actinomycetota","Thermoleophilia","Solirubrobacterales","67-14",NA,NA
"ASV4062834bf4a0","Bacteria","Pseudomonadota","Gammaproteobacteria",NA,NA,NA,NA
"ASV56d4b1d3794b","Bacteria","Pseudomonadota","Gammaproteobacteria","Pseudomonadales","Moraxellaceae","Acinetobacter",NA
"ASVbe8aae8fb122","Bacteria","Pseudomonadota","Gammaproteobacteria","Enterobacterales","Alteromonadaceae","Rheinheimera",NA
"ASV651dc4811a7e","Bacteria","Bacillota","Bacilli","Erysipelotrichales","Erysipelotrichaceae","Ileibacterium","valens"
"ASVa74036df7eb5","Bacteria","Actinomycetota","Actinobacteria","Micrococcales","Micrococcaceae","Kocuria",NA
"ASV33e30898c003","Bacteria","Pseudomonadota","Alphaproteobacteria","Rhodobacterales","Paracoccaceae","Paracoccus",NA
"ASVd575f385d431","Bacteria","Bacillota","Bacilli","Exiguobacterales","Exiguobacteraceae","Exiguobacterium","aurantiacum"
"ASV7f38743493bc","Bacteria","Acidobacteriota","Acidobacteriae","Solibacterales","Solibacteraceae","Candidatus Solibacter",NA
"ASV30952fdaf465","Bacteria","Bacteroidota","Bacteroidia","Sphingobacteriales","Sphingobacteriaceae","Sphingobacterium",NA
"ASV8183794115f2","Bacteria","Bacillota","Bacilli","Staphylococcales","Staphylococcaceae","Mammaliicoccus",NA
"ASV59e848ea243f","Bacteria","Bacillota","Clostridia","Peptostreptococcales-Tissierellales","Sedimentibacteraceae","Sedimentibacter",NA
"ASV76f98533d2a3","Bacteria","Bacillota","Clostridia","Lachnospirales","Lachnospiraceae",NA,NA
"ASVe83b13aa46d6","Bacteria","Pseudomonadota","Alphaproteobacteria","Reyranellales","Reyranellaceae","Reyranella",NA
"ASV41f12eeea56d","Bacteria","Actinomycetota","Actinobacteria","Mycobacteriales","Corynebacteriaceae","Lawsonella","clevelandensis"
"ASVda6256836a4b","Bacteria","Pseudomonadota","Gammaproteobacteria","Burkholderiales","Comamonadaceae",NA,NA
"ASV740ab5e16cd0",NA,NA,NA,NA,NA,NA,NA
"ASV9f0069e1e402","Bacteria","Pseudomonadota","Alphaproteobacteria","Sphingomonadales","Sphingomonadaceae","Sphingomonas","paucimobilis"
"ASVe791d5e058bc","Bacteria","Actinomycetota","Actinobacteria","Micrococcales","Microbacteriaceae","Microbacterium",NA
"ASV5a3c0fe43e9f","Bacteria","Pseudomonadota","Alphaproteobacteria","Sphingomonadales","Sphingomonadaceae","Blastomonas",NA
"ASV7deeb130d2ae","Bacteria","Pseudomonadota","Gammaproteobacteria","Pseudomonadales",NA,NA,NA
"ASV8f30bc59280c","Bacteria","Pseudomonadota","Alphaproteobacteria","Hyphomicrobiales","Rhizobiaceae","Brucella",NA
"ASV180b7b1e0914","Bacteria","Pseudomonadota","Gammaproteobacteria","Pseudomonadales","Moraxellaceae","Acinetobacter",NA
"ASVeeb918872aa5","Bacteria","Bacillota","Clostridia","Clostridiales","Caloramatoraceae","Fonticella",NA
"ASVa9f1b7173921","Bacteria","Patescibacteria","Parcubacteria",NA,NA,NA,NA
"ASV473a580c9982","Bacteria","Pseudomonadota","Gammaproteobacteria","Burkholderiales","Comamonadaceae","Variovorax",NA
"ASV050933b649bb","Bacteria","Pseudomonadota","Alphaproteobacteria","Rhodobacterales","Paracoccaceae","Paracoccus","yeei"
"ASV45624767e799","Bacteria","Pseudomonadota","Alphaproteobacteria","Rhodobacterales","Paracoccaceae",NA,NA
"ASV109e8aa6eecb","Bacteria","Pseudomonadota","Gammaproteobacteria","Burkholderiales","Comamonadaceae","Comamonas",NA
"ASV33e2f3050457","Bacteria","Pseudomonadota","Gammaproteobacteria","Burkholderiales","Neisseriaceae",NA,NA
"ASVf2bc1496252d","Bacteria","Pseudomonadota","Gammaproteobacteria","Burkholderiales","Comamonadaceae",NA,NA
"ASV487b8d10b634","Bacteria","Pseudomonadota","Gammaproteobacteria","Pseudomonadales","Pseudomonadaceae","Pseudomonas",NA
"ASV878a2ad3378a","Bacteria","Pseudomonadota","Alphaproteobacteria","Reyranellales","Reyranellaceae","Reyranella",NA
"ASV2ce5dfe41733","Bacteria","Actinomycetota","Actinobacteria","Micrococcales","Intrasporangiaceae","Intrasporangium",NA
"ASVa1f4c647c9ea","Bacteria","Pseudomonadota","Gammaproteobacteria","Lysobacterales","Lysobacteraceae","Lysobacter",NA
"ASVd6112f2363f7","Bacteria","Bacillota","Bacilli","Bacillales","Planococcaceae","Chryseomicrobium",NA
"ASVab506a252435","Bacteria","Pseudomonadota","Gammaproteobacteria","Burkholderiales","Rhodocyclaceae","Zoogloea",NA
"ASV5ca84039d860","Bacteria","Bacillota","Bacilli","Lactobacillales","Enterococcaceae","Enterococcus",NA
"ASV46ab30fb7e40","Bacteria","Actinomycetota","Actinobacteria","Propionibacteriales","Propionibacteriaceae","Cutibacterium","acnes"
"ASV87cc467c9e7c","Bacteria","Pseudomonadota","Alphaproteobacteria","Sphingomonadales","Sphingomonadaceae","Ellin6055",NA
"ASVe00bf6da2fcd","Bacteria","Actinomycetota","Actinobacteria","Mycobacteriales","Corynebacteriaceae","Corynebacterium","suicordis"
"ASV21a3cd815eb1","Bacteria","Pseudomonadota","Alphaproteobacteria",NA,NA,NA,NA
"ASV49308e6a19b4","Bacteria","Pseudomonadota","Gammaproteobacteria","Burkholderiales","Comamonadaceae",NA,NA
"ASV149b44116c08","Bacteria","Pseudomonadota","Gammaproteobacteria","Pseudomonadales","Moraxellaceae","Acinetobacter","lwoffii"
"ASV28e09b7ec876","Bacteria","Pseudomonadota","Gammaproteobacteria","Burkholderiales","Rhodocyclaceae","Zoogloea",NA
"ASV892471197db9","Bacteria","Pseudomonadota","Alphaproteobacteria","Hyphomicrobiales","Rhizobiaceae","Mesorhizobium",NA
"ASV3bb9cd9cff85","Bacteria","Pseudomonadota","Gammaproteobacteria","Burkholderiales","Comamonadaceae","Xylophilus",NA
"ASVfb33ff5eca4f","Bacteria","Actinomycetota","Actinobacteria","Mycobacteriales","Nocardiaceae","Rhodococcus",NA
"ASV9f26340c9ae0","Bacteria","Pseudomonadota","Gammaproteobacteria","Burkholderiales","Burkholderiaceae","Ralstonia","pickettii"
"ASV521f311092ec","Bacteria","Pseudomonadota","Gammaproteobacteria","Pseudomonadales","Pseudomonadaceae","Pseudomonas",NA
"ASV073586e28397","Bacteria","Pseudomonadota","Gammaproteobacteria","Pseudomonadales","Pseudomonadaceae","Pseudomonas",NA
"ASVb6e8f637b82c","Bacteria","Pseudomonadota","Gammaproteobacteria","Burkholderiales","Rhodocyclaceae","Zoogloea",NA
"ASV5ee94c2d1da2","Bacteria","Actinomycetota","Actinobacteria","Mycobacteriales","Corynebacteriaceae","Corynebacterium","pyruviciproducens"
"ASVd6ff8b0c8056",NA,NA,NA,NA,NA,NA,NA
"ASVec8dddeebcaa","Bacteria","Verrucomicrobiota","Verrucomicrobiia","Methylacidiphilales","Methylacidiphilaceae",NA,NA
"ASV3c7c2607e275","Bacteria","Pseudomonadota","Alphaproteobacteria","Caulobacterales","Caulobacteraceae","Caulobacter",NA
"ASVb1e8a134363c",NA,NA,NA,NA,NA,NA,NA
"ASVa213ddaeafe9","Bacteria","Acidobacteriota","Holophagae","Subgroup 7",NA,NA,NA
"ASV450832877a73","Bacteria","Actinomycetota","Actinobacteria","Micrococcales",NA,NA,NA
"ASV7b8e458db56d","Bacteria","Pseudomonadota","Alphaproteobacteria","Sphingomonadales","Sphingomonadaceae","Novosphingobium","capsulatum"
"ASV113e842c0c40","Bacteria","Pseudomonadota","Alphaproteobacteria","Hyphomicrobiales","Beijerinckiaceae","Bosea",NA
"ASV1c20f7e0a68e","Bacteria","Actinomycetota","Actinobacteria","Micrococcales","Micrococcaceae","Arthrobacter","agilis"
"ASV3f3c35211ff2","Bacteria","Pseudomonadota","Alphaproteobacteria","Rhodospirillales","Magnetospirillaceae",NA,NA
"ASVd8e1f797b479","Bacteria","Acidobacteriota","Acidobacteriae","Bryobacterales","Bryobacteraceae","Bryobacter",NA
"ASV91896f07afe6","Bacteria","Bacillota","Bacilli","Erysipelotrichales","Erysipelotrichaceae","Allobaculum",NA
"ASV3f1148d7a99e","Bacteria","Actinomycetota","Actinobacteria","Propionibacteriales","Nocardioidaceae","Aeromicrobium",NA
"ASV8b6e69bf02c1","Bacteria","Bacillota","Bacilli","Lactobacillales","Aerococcaceae","Globicatella",NA
"ASVdab7520113c9","Bacteria","Bacillota","Bacilli","Bacillales","Bacillaceae",NA,NA
"ASV6e7ae288dee7","Bacteria","Bacillota","Clostridia","Peptostreptococcales-Tissierellales","Family XI","Tepidimicrobium",NA
"ASV76eb39cbaca9","Bacteria","Actinomycetota","Actinobacteria","Micrococcales","Dermabacteraceae","Brachybacterium",NA
"ASV1043b6daba8e","Bacteria","Actinomycetota","Actinobacteria","Micrococcales","Intrasporangiaceae","Janibacter",NA
"ASV83a7ef98cc90","Bacteria","Bacteroidota","Bacteroidia","Sphingobacteriales","Sphingobacteriaceae","Sphingobacterium",NA
"ASV857268a122a0","Bacteria","Spirochaetota","Spirochaetia","Spirochaetales","Spirochaetaceae","Sphaerochaeta","globosa"
"ASV4192011d3e41","Bacteria","Pseudomonadota","Alphaproteobacteria","Hyphomicrobiales","Xanthobacteraceae","Bradyrhizobium","elkanii"
"ASV7c98b853c221","Bacteria","Gemmatimonadota","Gemmatimonadia","Gemmatimonadales","Gemmatimonadaceae",NA,NA
"ASVc5f1229d2f1f","Bacteria","Chloroflexota","TK10",NA,NA,NA,NA
"ASVb5ac48986244","Bacteria","Thermodesulfobacteriota","Desulfobulbia","Desulfobulbales","Desulfocapsaceae",NA,NA
"ASV480fe8323e5b","Bacteria","Cyanobacteriota","Cyanobacteriia","Chloroplast",NA,NA,NA
"ASVb41a59291e11","Bacteria","Bacteroidota","Bacteroidia","Cytophagales","Hymenobacteraceae","Pontibacter",NA
"ASV7506c8c32cf0","Bacteria","Pseudomonadota","Gammaproteobacteria","Pseudomonadales",NA,NA,NA
"ASV6d0c621b48c5","Bacteria","Pseudomonadota","Gammaproteobacteria","Lysobacterales","Lysobacteraceae","Thermomonas",NA
"ASVf15df8692a2b","Bacteria","Acidobacteriota","Vicinamibacteria","Vicinamibacterales",NA,NA,NA
"ASVfe1ac20af3ca",NA,NA,NA,NA,NA,NA,NA
"ASV075ca2d83fd7","Bacteria","Bacillota","Clostridia","Lachnospirales","Lachnospiraceae","Cellulosilyticum",NA
"ASV9d931d206769","Bacteria","Pseudomonadota",NA,NA,NA,NA,NA
"ASV9a9d0af0bb34","Bacteria","Acidobacteriota","Holophagae","Subgroup 7",NA,NA,NA
"ASV15e31150f4a3","Bacteria","Bacteroidota","Bacteroidia","Chitinophagales","Chitinophagaceae","Sediminibacterium",NA
"ASVd1310ac67b56","Bacteria","Actinomycetota","Thermoleophilia","Solirubrobacterales","Solirubrobacteraceae","Solirubrobacter",NA
"ASV65d03d32a08c","Bacteria","Bacteroidota","Bacteroidia","Bacteroidales","Prevotellaceae","Paraprevotella",NA
"ASVdb89ab998482","Bacteria","Bacillota","Clostridia","Peptostreptococcales-Tissierellales","Incertae Sedis","Guggenheimella",NA
"ASV2dc0e5f75c11","Bacteria","Verrucomicrobiota","Verrucomicrobiia","Verrucomicrobiales","Rubritaleaceae","Luteolibacter",NA
"ASV77cf5859a9aa","Bacteria","Bacillota","Bacilli","Staphylococcales","Staphylococcaceae","Staphylococcus",NA
"ASV61d61ee1f886","Bacteria","Bacillota","Negativicutes","Veillonellales-Selenomonadales","Veillonellaceae","Dialister",NA
"ASV499a9d761644","Bacteria","Pseudomonadota","Alphaproteobacteria","Rhodospirillales","Magnetospirillaceae","Magnetospirillum",NA
"ASV8b4b3d286fde","Bacteria","Actinomycetota","Actinobacteria","Propionibacteriales","Nocardioidaceae","Aeromicrobium",NA
"ASV6585adfbe3ad",NA,NA,NA,NA,NA,NA,NA
"ASV312670deef74","Bacteria","Pseudomonadota","Gammaproteobacteria","Pseudomonadales","Pseudomonadaceae","Pseudomonas","helmanticensis"
"ASV3fc645ccc07a","Bacteria","Bacteroidota","Bacteroidia","Chitinophagales","Saprospiraceae",NA,NA
"ASV191412393fbc","Bacteria","Pseudomonadota","Gammaproteobacteria","Lysobacterales","Lysobacteraceae","Xanthomonas",NA
"ASVf4fd9c4452a0","Bacteria","Pseudomonadota","Gammaproteobacteria","Pseudomonadales","Moraxellaceae","Acinetobacter","lwoffii"
"ASV6e2fb5609d12","Bacteria","Bacteroidota","Bacteroidia","Sphingobacteriales","Sphingobacteriaceae","Mucilaginibacter",NA
"ASV124c7a48bb6b",NA,NA,NA,NA,NA,NA,NA
"ASV95ecc729b262","Bacteria","Pseudomonadota","Gammaproteobacteria","Enterobacterales","Pasteurellaceae","Rodentibacter",NA
"ASVa105f6a2e74b","Bacteria","Bacillota","Clostridia","Christensenellales","Christensenellaceae","Christensenellaceae R-7 group",NA
"ASVd8b8cc044ffe","Bacteria","Bacillota","Bacilli","Staphylococcales","Staphylococcaceae","Staphylococcus",NA
"ASVa6c87e22ef29",NA,NA,NA,NA,NA,NA,NA
"ASV3f3dc22ca3bf","Bacteria","Elusimicrobiota","Lineage IIa",NA,NA,NA,NA
"ASVc18b1dd73a42","Bacteria","Pseudomonadota","Alphaproteobacteria","Rhodobacterales","Paracoccaceae","Paracoccus",NA
"ASV16bc1ba129bb","Bacteria","Actinomycetota","Actinobacteria","Micrococcales","Intrasporangiaceae","Aquipuribacter",NA
"ASV81d884ed9472","Bacteria","Acidobacteriota","Acidobacteriae","Terriglobales",NA,NA,NA
"ASV3f32b297a907","Bacteria","Bacillota","Bacilli","Staphylococcales","Staphylococcaceae","Staphylococcus","equorum"
"ASVcc65d853c0d1","Bacteria","Bacteroidota","Bacteroidia","Flavobacteriales","Weeksellaceae","Chryseobacterium","jejuense"
"ASV9ed986ae4ea2","Bacteria","Bacteroidota","Bacteroidia","Bacteroidales","Muribaculaceae",NA,NA
"ASV5760439341c3","Bacteria","Acidobacteriota","Acidobacteriae","Terriglobales","Koribacteraceae","Candidatus Koribacter",NA
"ASV2771233908ae","Bacteria","Bacillota","Bacilli","Lactobacillales",NA,NA,NA
"ASVe3eb55497ec6","Bacteria","Actinomycetota","Actinobacteria","Micrococcales","Micrococcaceae","Micrococcus","luteus"
"ASV728f615ee94b","Bacteria",NA,NA,NA,NA,NA,NA
"ASV703394e58d99","Bacteria","Pseudomonadota","Gammaproteobacteria","Lysobacterales","Lysobacteraceae",NA,NA
"ASVc46a849be4f3","Bacteria","Actinomycetota","MB-A2-108",NA,NA,NA,NA
"ASV89c4cf82cc13","Bacteria","Pseudomonadota","Gammaproteobacteria","Pseudomonadales","Moraxellaceae","Acinetobacter",NA
"ASVa90369a98ca5","Bacteria","Actinomycetota","Actinobacteria","Mycobacteriales","Mycobacteriaceae","Mycobacterium","abscessus"
"ASV68de65099afb","Bacteria","Bacillota","Bacilli","Lactobacillales","Lactobacillaceae","Lactobacillus",NA
"ASV4970400a1a15","Bacteria","Planctomycetota","Planctomycetes","Isosphaerales","Isosphaeraceae","Tautonia",NA
"ASV634d3e94d09f","Bacteria","Bacillota","Clostridia","Lachnospirales","Lachnospiraceae","Lachnoclostridium",NA
"ASVa0e77f2c0a94","Bacteria","Pseudomonadota","Alphaproteobacteria","Rhodobacterales","Paracoccaceae","Paracoccus",NA
"ASV43a76e9798f4","Bacteria","Pseudomonadota","Alphaproteobacteria","Rhodobacterales","Paracoccaceae","Paracoccus",NA
"ASVec83205238cb","Bacteria","Bacillota","Clostridia","Lachnospirales","Lachnospiraceae",NA,NA
"ASVc80692532aeb","Bacteria","Pseudomonadota","Alphaproteobacteria","Hyphomicrobiales","Rhizobiaceae","Rhizobium",NA
"ASVfc3a8c822ecb","Bacteria","Pseudomonadota","Gammaproteobacteria","Enterobacterales","Aeromonadaceae",NA,NA
"ASV5ce0d1611ecb","Bacteria","Pseudomonadota","Alphaproteobacteria","Rhodobacterales","Paracoccaceae","Paracoccus","aminovorans"
"ASV7e58d1c9eb98","Bacteria","Bacteroidota","Bacteroidia","Flavobacteriales","Flavobacteriaceae","Flavobacterium",NA
"ASV7e2f115bfc0d",NA,NA,NA,NA,NA,NA,NA
"ASV8a080143c61b","Bacteria","Pseudomonadota","Alphaproteobacteria","Sphingomonadales","Sphingomonadaceae","Novosphingobium",NA
"ASVbc2bed7871aa","Bacteria","Pseudomonadota","Gammaproteobacteria","Pseudomonadales","Moraxellaceae","Acinetobacter",NA
"ASV8e2c15c902c5","Bacteria","Pseudomonadota","Gammaproteobacteria","Burkholderiales","Comamonadaceae","Comamonas",NA
"ASV9c3abeb49533","Bacteria","Pseudomonadota",NA,NA,NA,NA,NA
"ASVa7b2012ad45f","Bacteria","Pseudomonadota","Alphaproteobacteria","Acetobacterales","Acetobacteraceae","Caldovatus",NA
"ASVbe3e0499897f","Bacteria","Bacillota","Bacilli","Lactobacillales","Streptococcaceae","Lactococcus","lactis"
"ASV4356235f814f","Bacteria","Chloroflexota","AD3",NA,NA,NA,NA
"ASVc7e6aedc10ae","Bacteria","Bacteroidota","Bacteroidia","Flavobacteriales","Flavobacteriaceae","Flavobacterium",NA
"ASV6982ba68238a","Bacteria","Chloroflexota","Chloroflexia","Thermomicrobiales","JG30-KF-CM45",NA,NA
"ASVe8b44b04db7d","Bacteria","Bacillota","Bacilli","Paenibacillales","Paenibacillaceae","Paenibacillus","glucanolyticus"
"ASV4c56b48a392a","Bacteria","Actinomycetota","Actinobacteria","Propionibacteriales","Nocardioidaceae","Aeromicrobium",NA
"ASV25c114cad148","Bacteria","Acidobacteriota","Acidobacteriae","Solibacterales","Solibacteraceae","Candidatus Solibacter",NA
"ASVbae6ff0cf994","Bacteria","Nitrospirota","Thermodesulfovibrionia",NA,NA,NA,NA
"ASV277194318e7c","Bacteria","Candidatus Kapabacteria","Kapabacteria","Kapabacteriales",NA,NA,NA
"ASV7a13c06cd286","Bacteria",NA,NA,NA,NA,NA,NA
"ASV4be774afc973","Bacteria","Acidobacteriota","Acidobacteriae","Terriglobales","Acidobacteriaceae (Subgroup 1)","Granulicella",NA
"ASV751548bfd9ce","Bacteria","Pseudomonadota","Alphaproteobacteria","Hyphomicrobiales","Beijerinckiaceae",NA,NA
"ASV600b041fe0ea","Bacteria","Bacillota","Clostridia","Lachnospirales","Lachnospiraceae","Blautia","hansenii"
"ASV004ff3a36354","Bacteria","Chloroflexota","KD4-96",NA,NA,NA,NA
"ASV24efea8f8be6","Bacteria","Pseudomonadota","Gammaproteobacteria","Burkholderiales","Methylophilaceae","Pseudomethylobacillus",NA
"ASV0be4600b98b0","Bacteria","Cyanobacteriota","Cyanobacteriia",NA,NA,NA,NA
"ASV6c0700ef46e3","Bacteria","Actinomycetota","Actinobacteria","Mycobacteriales","Nocardiaceae","Rhodococcus","fascians"
"ASVe6e6a8f1c0dc","Bacteria","Pseudomonadota","Alphaproteobacteria","Caulobacterales","Caulobacteraceae","Brevundimonas","nasdae"
"ASV43be0d87b8f3","Bacteria","Pseudomonadota","Gammaproteobacteria","Burkholderiales","Rhodocyclaceae","Zoogloea","resiniphila"
"ASV21d347899f6d","Bacteria","Pseudomonadota","Gammaproteobacteria","Pseudomonadales","Pseudomonadaceae","Pseudomonas",NA
"ASV9cc02b3f127c","Bacteria","Pseudomonadota","Alphaproteobacteria",NA,NA,NA,NA
"ASV8980d21d0925","Bacteria","Pseudomonadota","Alphaproteobacteria","Reyranellales","Reyranellaceae","Reyranella",NA
"ASV84dc87a8fac4","Bacteria","Bacteroidota","Bacteroidia","Sphingobacteriales","Sphingobacteriaceae","Sphingobacterium","mizutaii"
"ASV4490b45ad113",NA,NA,NA,NA,NA,NA,NA
"ASV9ea9febb7c83","Bacteria","Pseudomonadota","Alphaproteobacteria","Hyphomicrobiales","Rhizobiaceae",NA,NA
"ASV1ed3e5703fec",NA,NA,NA,NA,NA,NA,NA
"ASVeea427792693","Bacteria","Pseudomonadota","Alphaproteobacteria","Hyphomicrobiales","Rhizobiaceae",NA,NA
"ASVbb4d8ff43764",NA,NA,NA,NA,NA,NA,NA
"ASV5fc981a5934c","Bacteria","Pseudomonadota","Gammaproteobacteria","Lysobacterales","Lysobacteraceae","Lysobacter",NA
"ASV7767a41581a0","Bacteria","Pseudomonadota","Alphaproteobacteria","Micavibrionales",NA,NA,NA
"ASV9362af42f269","Bacteria","Bacillota","Clostridia","Peptostreptococcales-Tissierellales","Peptostreptococcaceae","Peptostreptococcus","stomatis"
"ASV5900ef122f65","Bacteria","Bacillota","Bacilli","Bacillales","Planococcaceae","Planococcus",NA
